0,71991583786,Erin Hurley,Masovia,New Mistytown,15156,8908 Scott Creek,+48164676167
1,35788949148,Natalie Gomez,Pemrania,Hortonburgh,17494,6842 Ochoa Crescent Suite 215,+48638385147
2,41558545624,Joanna Hall,Podlasie,Port Nancy,33662,04828 Wang Ports,+48226897956
3,21632453931,Timothy Smith,Pemrania,Lake Susan,79482,932 Dawn Throughway,+48565613161
4,39326765897,Mary Proctor,Kuyavia,Tinahaven,33098,36180 Watson Forks Apt. 716,+48674668565
5,46154735785,Jill Levine,Kuyavia,Robertburgh,00717,46689 Gary Stravenue,+48351272683
6,39924357188,Nathan Tyler,Pemrania,Gutierrezmouth,55389,7252 Huynh Lane,+48745516427
7,31318218154,Todd Ward,Podlasie,Keyport,56078,391 Moon Point,+48572837718
8,36781745793,Ashley Hamilton,Pomerelia,Leebury,41343,463 Cortez Meadows,+48178851995
9,49569356743,Christopher Palmer,Silesia,North Cody,30072,98754 Martin Creek,+48151555381
10,18196984851,Nathan Lyons,Pomerelia,New Jessicaport,49804,8332 Brown Course Apt. 492,+48922116847
11,47183873386,David Waters,Pomerelia,North Shanefort,99852,418 Larry Lodge Suite 448,+48748512853
12,39841396373,Samantha Welch,Pemrania,North Rileybury,89892,05755 Allen Valleys Apt. 669,+48983226893
13,82264235179,James Butler,Pemrania,Taylorchester,59690,6430 Carey Harbors,+48341924919
14,88746676754,Aaron Hutchinson,Kuyavia,Kimberlybury,55054,9439 John Mission Apt. 433,+48248231838
15,66175165151,Janice Adams MD,Silesia,Donaldport,44275,7565 Brian Stream Suite 346,+48654472143
16,72389326756,Barbara Harmon,Pomerelia,Carrillostad,40955,0922 Samuel Parkway Suite 582,+48124235479
17,38733359631,Emily Hutchinson,Masovia,South Juliamouth,52956,9646 Nicole Avenue Apt. 465,+48679197625
18,39834938217,Elizabeth David,Silesia,Jerrybury,53746,3063 Webb Lodge Apt. 850,+48523596492
19,34292499279,Michelle Edwards,Silesia,Port Juliemouth,52046,636 Knight Turnpike Apt. 426,+48614542278
20,71672384797,Edward Crosby,Pemrania,Lake Samuelchester,35649,2860 Scott Hills Apt. 665,+48887832296
21,29981918116,Ashley Green,Masovia,North Ashleyburgh,42893,378 Elizabeth Cliff Suite 927,+48682128681
22,99132672722,Jacqueline Townsend,Podlasie,Josestad,19723,884 Nelson Garden Apt. 415,+48792943331
23,58417146675,Keith Nichols,Pemrania,Edwardsshire,49938,2734 Jennings Gateway Apt. 143,+48769636596
24,37381916685,Kevin Mcdonald,Pemrania,West Eric,56326,37901 Bates Street,+48749491556
25,76211966179,Samantha Torres,Masovia,Martinstad,18694,50083 West Plains Suite 853,+48512347944
26,37681622773,Crystal Robbins,Kuyavia,Carolton,75975,02161 Stewart Well,+48484899642
27,74838266249,Darlene Grant,Silesia,Mejiahaven,62972,12773 Mary Shoal,+48429476662
28,44758566272,Lisa Hudson,Podlasie,New Ericport,37547,61661 Graham Union,+48358238119
29,91163918399,Stephen Smith,Silesia,Lake Jamesburgh,98104,898 Garrett Lake,+48442196276
30,42962158732,Jacqueline Rivera,Silesia,Robinsonhaven,18069,256 Daniel Drive Suite 010,+48889455444
31,41669492175,Melissa Ray,Pemrania,East Samanthaport,39844,04890 Pham Curve Apt. 043,+48171721489
32,67431311753,Fernando Morrow,Kuyavia,Mcleanside,93792,554 Gonzalez Branch,+48283361669
33,28965556664,Tony Andrade,Silesia,Kimmouth,61135,196 Greer Lake,+48394726974
34,78427419647,Ashley Simpson,Silesia,Port Jon,70571,60776 Burnett Light,+48861778225
35,78572574232,Dustin Campbell,Pomerelia,East Kevin,05744,42538 Delgado Mountains Apt. 470,+48164242172
36,43551149455,Timothy Martinez,Pomerelia,Port Laura,57989,043 Sherri Fork,+48276299968
37,72836833184,Carolyn Gaines,Podlasie,Kellybury,65141,6083 Gordon Trafficway,+48336279946
38,16747251533,Blake Silva,Podlasie,Dorothyfurt,59464,13359 Amanda Loaf,+48223736643
39,79775917675,Trevor Maldonado,Silesia,Moodytown,14027,39046 Michael River,+48112436696
40,69494691879,Traci Colon,Pemrania,Laurafurt,22763,211 Christian Pike,+48745958541
41,78769464444,Tracy Chang,Podlasie,Port Davidside,51947,047 Rice Walks,+48896352547
42,65571279762,Richard Patterson,Silesia,New Susan,68683,451 Brown Circles,+48273498576
43,63781198457,Tracey Rogers,Silesia,Romanshire,86502,728 Mathews Dam Suite 290,+48266644155
44,88253372128,Colleen Roberts,Kuyavia,Jasonbury,76657,1090 Denise Circles Suite 097,+48252582268
45,74323113517,Mrs. Angela Delacruz,Podlasie,Donnamouth,74685,3093 Escobar Road,+48597164696
46,12928533432,Patricia Thompson,Pomerelia,East Justin,85545,855 Monica Stravenue,+48186697679
47,28519375148,Michael Mcdonald,Pemrania,Joyburgh,84066,6636 Michelle Port Apt. 431,+48676973951
48,14758695424,Robert Goodman,Podlasie,Allisonville,96014,2939 Jennifer Roads Suite 901,+48846315472
49,34913715369,Douglas Mccann,Masovia,South Michael,36789,0701 Jeffrey Road Apt. 028,+48552348234
50,45677726833,Michael Johnson,Silesia,West Jackmouth,67218,11825 Allen Rest Apt. 423,+48174252567
51,22644129588,Nicole Howard,Pomerelia,Lake Chris,40185,66015 Werner Stravenue Suite 020,+48266981375
52,92431822475,Matthew Smith,Pomerelia,Atkinsonfurt,04446,08910 Baker Plain Suite 780,+48638722445
53,35695416373,Dennis Warren,Silesia,Lake Debraside,12289,6507 Anderson Light,+48568556677
54,52476211377,Thomas Ali,Podlasie,Kirkberg,38690,6141 Cole Course,+48733635832
55,23378891389,Mackenzie Hicks,Masovia,Lake Ronaldland,24678,03005 Farmer Vista,+48127125593
56,55243387372,Erik Allen,Pemrania,West Lorifurt,56983,15433 Pearson Spur Suite 711,+48123618182
57,36555458452,Valerie Brown,Silesia,Moranborough,59453,31869 Hawkins Way Suite 139,+48843358328
58,72434911198,Kelly Davis,Podlasie,Garciaview,33970,75660 Hooper Union Suite 884,+48862511419
59,67534475411,Kerri Watson,Silesia,Joshuaberg,91541,823 Hernandez Valleys,+48831618785
60,96846783687,Jacqueline Carpenter,Podlasie,Patricktown,57396,29205 Bryan Field,+48917244585
61,61674297464,Charles Williamson,Pomerelia,Brownchester,26622,56046 Chan Motorway,+48729815937
62,91735359923,Randy Sampson,Podlasie,Pattersonland,70885,33113 Nathaniel Lane,+48988722358
63,42485152167,David Harris,Kuyavia,West Anthonyshire,54826,81927 Joshua Creek Suite 103,+48622481586
64,52346488326,Ryan Jimenez,Pemrania,Johnsonfurt,83035,747 Miranda Shoals,+48826886212
65,19771881857,Rebecca Garza,Silesia,New Reginachester,21545,693 Christopher Stream Suite 260,+48918935975
66,42373793268,Luis Castaneda,Podlasie,Obrienfurt,54876,6787 Victoria Throughway Apt. 235,+48575153777
67,91236138544,Laura Berry,Silesia,Tonychester,37937,943 Miles Haven Suite 900,+48375431264
68,89121747158,Elizabeth Hubbard,Silesia,South Alan,98400,3165 Walker Flats Suite 907,+48994689156
69,84723151499,Angel Lyons,Silesia,South Deniseton,31157,38331 Brandon Mountain,+48629289781
70,39778432574,Stacey Ray,Kuyavia,Harrisstad,76879,6938 Walls Locks Apt. 406,+48361724759
71,75716215121,Thomas Mccoy,Pemrania,Juliaburgh,63627,07293 Jones Glens,+48632689967
72,56634621543,Patrick Coleman,Podlasie,North David,40470,528 Lauren Light Apt. 626,+48977683545
73,31478982777,Alyssa Holland,Podlasie,Kevinside,86729,8995 Joanna Ford Apt. 763,+48315416242
74,62381162484,Russell Santana,Silesia,Port Josephview,78636,081 Bryan Flat Apt. 823,+48129399812
75,24757215177,Dominique Norris,Podlasie,West Bryanhaven,93251,04145 Michael Haven,+48523241739
76,78321882658,David Bennett,Silesia,Craigborough,24469,754 Thomas Meadows Suite 066,+48375257128
77,42126186835,Omar Stout,Masovia,East Kyle,15372,5797 Patton Curve,+48172953441
78,94663252189,Jordan Keller,Kuyavia,Travisfurt,90136,08222 Miller Pass Suite 471,+48528245747
79,59146217256,Cameron Williams,Pomerelia,East Kathy,59804,485 David Ranch,+48964942457
80,83989319849,Ricky Chandler,Pomerelia,Yuville,08291,700 Gomez Grove,+48377773651
81,49238155279,Matthew Stephens,Silesia,Garciabury,42466,960 Julia Haven,+48782696812
82,39786173136,William Barker,Masovia,Port Brandontown,84958,4418 Morgan Course Suite 000,+48486255539
83,38417473857,Jason Cooper,Silesia,Nunezton,32542,365 Dean Ways,+48871564515
84,46864919261,Wayne Jones,Kuyavia,Port Denise,37116,5663 Gray Garden Suite 322,+48769779377
85,25748469366,Dr. Travis Watts,Silesia,West Peterborough,60836,117 Kyle Tunnel Apt. 504,+48562661418
86,52326872224,Andrew Maldonado,Kuyavia,Jenniferville,06862,53507 Mendoza Point,+48766165924
87,38148119845,Diane Chavez,Pomerelia,New Travis,40964,29780 Williams Junction Apt. 005,+48371428193
88,65847416492,Steven Davidson,Silesia,Richardsonshire,66929,62676 Mcdonald Well Suite 306,+48888322927
89,63148381744,Pamela Rowe,Masovia,Rickyberg,92719,0946 Glenda Ferry,+48996412552
90,25285885397,Renee Young,Podlasie,Port Yolandastad,94641,4264 Dean Stravenue,+48556261549
91,31684357647,Alexander Fletcher,Kuyavia,South Brettport,70268,8752 Russell Ports,+48975519138
92,53787829946,Dr. Anthony Thompson,Pemrania,Petersshire,39961,6253 Shah Corners,+48728911832
93,91976794798,Cameron Carroll,Masovia,Wendybury,22974,624 Blake Route,+48912689917
94,32393318494,Joseph Petersen,Podlasie,East Rickyshire,24933,553 Horne Spur Suite 597,+48896971348
95,17673441848,Sarah Williams,Podlasie,Andrewchester,89548,799 Craig Orchard,+48194779168
96,12938631618,Sandra Moore,Masovia,Port Lindseyland,99444,6892 Lauren Springs,+48794366953
97,82193953533,Amy Jones,Silesia,Dannyside,72496,053 Gonzalez Pass Apt. 574,+48272649664
98,18788247623,Jill Lynch,Kuyavia,Carrollshire,22044,107 Carrie Common Suite 125,+48953345117
99,96572448835,Cheryl Morgan,Pemrania,Lake Derektown,17815,4062 Brittany Underpass Apt. 899,+48843587467
100,83799411378,Joanna Knight,Silesia,Cassandraberg,98444,6870 Boyd Ferry,+48326381884
101,18933153239,Angie Joseph,Silesia,Lake Christopherstad,48964,4552 Trevino Glen,+48356239264
102,71289146173,Amy Miller,Pomerelia,East Tracimouth,53467,729 Levy Ranch,+48762978493
103,54646871946,Heidi Warren,Pomerelia,Emilychester,99471,653 Angela Walks Suite 964,+48876865732
104,27827991893,Shelby Martin,Pemrania,New Felicia,27602,103 Maddox Ridges,+48799944818
105,47835578379,Jennifer Morales,Pemrania,North Joan,07312,728 Christina Ferry,+48833237279
106,42136726175,Kevin Hawkins,Silesia,Paulborough,29246,62158 Ramos Tunnel Apt. 219,+48589199959
107,96495198453,Linda Cervantes,Masovia,East Jamesborough,05262,5491 David Row Apt. 020,+48357658895
108,53317597679,James Soto,Kuyavia,Lake Kristin,95261,60872 Snyder Junction Apt. 685,+48942789745
109,54425963716,Denise Smith,Podlasie,Gallegosfort,39820,5159 Keith Fork Apt. 319,+48811948298
110,62386788388,Kimberly Johnson,Kuyavia,Port Barbaraville,58214,68380 Jennifer Estates Suite 607,+48768798643
111,18126162277,Jacob Bentley,Pomerelia,South Nicole,20011,6055 Short Streets Apt. 807,+48136739461
112,27481313867,Whitney Edwards,Pemrania,Wigginsburgh,25924,5525 George Mount Suite 293,+48537852411
113,46693467213,Sydney Gray,Silesia,Danielsside,90456,95195 Hernandez Tunnel Apt. 227,+48785364175
114,53174281557,Lauren Horton,Masovia,Prattchester,02796,287 Nicholas Row,+48536332552
115,58258996134,Jamie Walter,Pomerelia,North James,43771,8745 Phillip Knolls Apt. 085,+48299366467
116,79325257499,Emily Haas,Masovia,Smithtown,36172,269 Anthony Fall,+48964941627
117,89851381316,Joshua Taylor,Pomerelia,Johnsonton,19084,2687 Burton Creek,+48844464168
118,48315653494,Megan Campbell,Silesia,Adamberg,61056,503 Harris Crossroad,+48513386261
119,32992527235,Kimberly Todd,Masovia,Jordanton,24810,579 Melissa Mills,+48525123864
120,46762863387,Robert Maddox,Pemrania,Kellyside,44728,286 Brown Course,+48369548725
121,95926119331,Thomas Pennington,Pemrania,North Thomasside,24221,75593 Pittman Wells Apt. 811,+48872361518
122,57136421563,Bernard Beck,Masovia,Janetstad,71173,7158 Alvarez Corners,+48319327164
123,81981842979,Stephen Gonzales,Pomerelia,East Lisamouth,36083,351 Patricia Common Apt. 088,+48316581434
124,59753115275,Chelsea Meyer,Pomerelia,South Cindymouth,08042,4139 Cochran Crest Suite 562,+48185697523
125,65271281494,Melanie Brock,Kuyavia,Johnsonshire,79822,449 Kim Turnpike,+48866712179
126,89924338797,Justin Martinez,Pomerelia,Angelaberg,80712,8666 Riley Squares,+48243319893
127,21887527835,Mr. Marcus Dominguez,Silesia,Scottland,15557,097 Scott Plains,+48458797676
128,67219526484,Eric Jordan,Masovia,Jessefurt,32331,0696 Bryant Burg,+48513511753
129,68858277296,Denise Craig,Kuyavia,Hillbury,13955,3197 Joseph Expressway Apt. 752,+48487779376
130,65312984983,Elaine Wong PhD,Silesia,West Phillipborough,07065,11287 Paul Well Suite 866,+48397327964
131,62572669727,Lisa Torres,Masovia,Taylorberg,83217,01137 Lambert Place Suite 776,+48312495159
132,29446568181,Deborah Williams,Kuyavia,West Matthew,06490,3866 Kelly Shoals Apt. 659,+48859212425
133,31634341134,George Hawkins,Silesia,South Jacqueline,28844,58840 Katie Flat,+48928411349
134,24294182115,Stephanie Griffin,Podlasie,Port Henryland,03127,77327 Martinez Canyon,+48819124541
135,12372681539,Elizabeth Ramsey,Pemrania,Piercemouth,77503,750 Susan Trail,+48452843126
136,95511652941,Allison Evans,Masovia,West Natashafort,97255,14313 Brenda Lights Suite 279,+48774666663
137,58462684624,Robert Sims,Pemrania,Lake Sheena,99229,8285 Sara Skyway Apt. 186,+48593681845
138,81253129287,Victoria Johnson,Masovia,Patriciamouth,57685,314 Martha Shoals Suite 955,+48138861892
139,69153247983,Christopher Hubbard,Silesia,South Ronaldland,02126,172 Wheeler Grove,+48277117677
140,48432547866,Melissa Bean,Podlasie,Rodriguezland,22857,003 Barnett Skyway,+48792838993
141,53584564193,Dalton Collins,Pomerelia,North Daniel,08730,13582 Garcia Courts Suite 291,+48938422925
142,27337277371,Krista Cobb,Kuyavia,Marioland,65060,1526 Thomas Via,+48987419428
143,43798815141,Anthony Young,Masovia,Danielview,58158,47149 Leah Orchard Apt. 925,+48522783615
144,27469231278,Brooke Reeves DVM,Silesia,New Michael,36140,979 Tammy Lakes Apt. 465,+48186714682
145,35395585184,Larry Perkins,Pemrania,East Crystalstad,42250,6489 Nichols Dale,+48986517423
146,61929394565,Nathan Wade,Masovia,Kathyborough,09500,9436 Rodriguez Greens,+48768955957
147,48892942918,Heather Stone,Pemrania,New Ashleybury,22926,221 Mendez Path Apt. 617,+48862956523
148,77548995351,Margaret Hunter,Pemrania,North Helen,66457,95059 Joseph Groves Suite 193,+48127595368
149,46539418517,Alexander Moore,Masovia,Hernandezside,04502,228 Joseph Greens Apt. 333,+48517646519
150,84736735376,Roberta Bennett,Silesia,Leemouth,24410,69824 Stephens Falls Suite 920,+48591612341
151,73182598519,John Bailey,Podlasie,Danielfurt,26197,219 Montgomery Parkways,+48213415376
152,95263575384,Kent Rush,Kuyavia,Hartville,67318,29768 William Branch Suite 233,+48473485145
153,91125693138,Michael Williams,Silesia,Salazartown,15290,9082 Shaw Plains,+48572961516
154,63298225613,James Barrett,Pomerelia,Mcdonaldview,58837,131 Heather Drive,+48986157438
155,71742727315,Paul Sampson,Kuyavia,Timothymouth,76532,15357 Joshua Extensions,+48629841839
156,34769148478,Michael Hill,Silesia,Adamshire,54207,70656 Lee Crossing Suite 640,+48926381433
157,32412177727,Wendy Reed,Podlasie,New Laura,02932,6531 Scott Port,+48566234312
158,87674359887,Kenneth Bernard,Podlasie,West Brett,89320,77055 Michael Unions,+48424394318
159,85135929612,Melissa Williams PhD,Pemrania,Lake Shawnland,12179,96345 Wilson Lock Suite 390,+48683223626
160,66797587126,Michaela Jackson,Masovia,Allenmouth,67247,3733 David Village,+48155573622
161,76495959184,Cassandra Clark,Kuyavia,Lake James,75358,47761 Christian Flat,+48577115394
162,91443747641,Joseph Palmer,Masovia,Bradleyton,98221,60975 Mccarty Squares Suite 742,+48933592895
163,46525456987,Caitlin Villarreal,Podlasie,Jonesmouth,98618,453 Rickey Dale Apt. 171,+48598944256
164,83473894464,Christina James,Pemrania,New Regina,34674,17274 Griffith Cliffs,+48776773245
165,54773446819,Anthony Kline,Masovia,Dustinhaven,09027,2641 Andrew Ferry Suite 807,+48295449311
166,72736947676,Timothy Matthews,Masovia,Jesseside,18489,974 Maddox Fords,+48998188994
167,49775661483,Christopher Bryant,Masovia,Rodriguezport,75607,405 Doris Mountain Suite 563,+48983227796
168,84372595458,Austin Williams,Silesia,Medinatown,03231,416 Robert Squares,+48429283751
169,77982634563,Lisa Robinson,Pemrania,Priceborough,54160,392 Johnston Track,+48186778656
170,83621751711,Donald Floyd,Pemrania,Nashstad,78459,612 Jeff Meadow,+48375582191
171,39843226832,Jenna Davis,Kuyavia,Lake Oscar,99613,262 Scott Centers,+48972146616
172,48651424665,Logan Cunningham,Pomerelia,Port Nicole,28931,55025 Tyler Locks,+48364348751
173,47984968418,Adam Moore,Podlasie,Lake Kimberly,15967,1147 Samuel Mall Apt. 510,+48832733837
174,46312988793,Aaron Gordon,Kuyavia,Port Aliciashire,56776,78203 Cassandra Oval Apt. 172,+48753171711
175,66212252225,Kendra Young,Podlasie,East Cheryl,33565,53046 Daniel Camp,+48293261635
176,77291591943,Wayne Cox,Podlasie,New Samuelville,57303,21603 Ortega Groves,+48551151947
177,59256927872,Matthew Miller DDS,Kuyavia,Lake Jonathantown,93928,197 Michael Drive Apt. 432,+48171723641
178,23821718214,Karen Woods,Pomerelia,Lake Eric,37218,5211 Hudson Glen,+48422681174
179,24383942253,Paige Weeks,Pomerelia,Lesliebury,88184,59464 Joseph Row,+48856625929
180,69413934537,Hector Sellers,Silesia,Lake Becky,30620,1727 Wendy Place,+48985774391
181,33694688894,Alan Goodwin,Podlasie,Lake Keithmouth,61634,117 Hannah Parks Apt. 348,+48365294678
182,77135688771,Lisa Skinner,Silesia,East Benjaminmouth,16316,375 Hopkins Club Suite 840,+48734659497
183,98628148585,Douglas Hart,Pomerelia,Carloston,07766,538 Allen Forge Suite 909,+48231523756
184,18837715188,John Rodriguez,Pemrania,Ballardland,33118,1390 Brewer Landing,+48366299572
185,58863655917,Brandy Terry,Kuyavia,South Michael,81967,5276 Andersen Vista,+48244337435
186,38914511693,Scott Davis,Kuyavia,Jorgemouth,15399,563 Smith Harbors Suite 562,+48852713174
187,68613764842,Scott Watson,Silesia,East Brittanytown,64905,2009 Robinson Ramp,+48919353782
188,25886116314,Eric Collier,Masovia,Zamoramouth,86856,704 Holloway Center,+48977224481
189,84953368134,John Anderson,Pemrania,South Theodore,69721,87771 William Shoal Apt. 840,+48416824942
190,89652367267,John Moreno,Podlasie,South Caitlin,15193,3765 Erica Ferry,+48561187662
191,86312216197,Dennis Miles,Podlasie,East Heather,84021,68360 Anderson Court Suite 134,+48175362922
192,65844254538,Antonio Lin Jr.,Kuyavia,Rosalesshire,31515,5348 Dunn Neck,+48129131945
193,75288713681,Melissa Miller,Pomerelia,Williamsstad,97737,9970 Jones River,+48898134353
194,57664446965,Joshua Johnson,Podlasie,East Lisa,67492,2139 Dana Valley Suite 191,+48343642227
195,82376454141,Sarah Sellers,Pomerelia,Stephanieshire,12105,0454 Zachary Inlet,+48171531921
196,23917587792,Anthony Reeves,Podlasie,New James,78011,8275 Jordan Freeway,+48662382185
197,53389531681,Jill Bell,Kuyavia,New Johnfort,38471,710 Jeffrey Port,+48364686449
198,84387214151,Crystal Nguyen,Pomerelia,North Matthewtown,05689,206 Blake Plaza,+48957143142
199,31758758967,Timothy Turner,Pomerelia,Benjamintown,54719,900 Love Estates Apt. 970,+48435379911
200,32998551723,Timothy Potter,Pemrania,Mitchellstad,33178,3878 Michael Wall,+48265551549
201,96974763263,Karen Delgado,Pomerelia,Lake Jennifer,32720,7716 Carol Union Suite 984,+48417981324
202,95652743573,Patrick Cruz,Pomerelia,Tammyhaven,42484,2261 Sarah Crossroad Suite 752,+48558639991
203,47756655119,Alexis Ball,Pemrania,South Carrie,05054,157 Thomas Overpass Apt. 501,+48244288524
204,28941121354,Luis Griffin,Kuyavia,Jenniferport,88204,1127 Andrea Plaza Apt. 935,+48441547982
205,57711914737,Shane Jackson,Masovia,New Cynthiafort,22481,3169 Diane Drive Suite 937,+48495633484
206,61611486548,Christopher Mullen,Silesia,East Michele,34242,98283 Taylor Lakes,+48866576239
207,11269197415,Katherine Robles,Pemrania,New Melissafurt,28714,304 Evans Land Apt. 420,+48176199239
208,84176214993,Laura Moore,Pomerelia,Barbaramouth,50028,009 James Street Apt. 265,+48842214759
209,87513395684,Dr. Ashley Black,Pemrania,Milesland,72701,58837 Hooper Estates,+48638617186
210,12639435788,Latasha Haynes,Podlasie,Port Michael,30741,436 James Valleys,+48662921597
211,86822486684,Dr. Richard Salazar Jr.,Pomerelia,North Paulstad,96708,3747 Roth Springs Suite 931,+48899782194
212,79682686353,Scott Newton,Podlasie,Parkertown,55074,7399 Peterson Mews Apt. 921,+48961847912
213,94661354456,Glen White,Pemrania,Scotthaven,21421,83250 Allison Mall Apt. 654,+48452393828
214,93944757978,Carrie Smith,Kuyavia,Atkinston,66160,08786 James Crescent,+48656993448
215,52969637145,Carmen King,Podlasie,Nelsonfurt,75207,7153 Hayes Camp,+48973585532
216,15369565239,Elizabeth Edwards,Pomerelia,West Jessica,32826,626 Amber Ridges,+48775953674
217,62327665279,Carrie Rodriguez,Podlasie,Johnfurt,44618,13209 Michael Tunnel,+48463366955
218,46487268124,Traci King,Pomerelia,Christinaberg,94833,90145 Maxwell Grove Apt. 301,+48923417827
219,64718464681,Lindsey Hall,Kuyavia,South Michaelfurt,61381,4716 Sampson Ridges Apt. 433,+48989172815
220,43331854392,Diane Martinez,Masovia,New Mitchellland,60247,657 Lisa Pike,+48314196331
221,53529486269,Stacey Reed,Podlasie,East Kevinstad,71054,9804 William Divide,+48776833737
222,87347684177,Bryan Campbell,Kuyavia,West Anthony,80954,2752 Garcia Gardens,+48523476395
223,79926567442,Teresa Ward,Pomerelia,North Crystal,21224,75036 Dodson Trace Suite 885,+48523727789
224,34934587852,Nicholas Sutton,Masovia,Barberborough,80835,7727 Burnett Keys Suite 580,+48773233746
225,98253154263,James Roberts,Pomerelia,Brittanychester,69640,0226 Mitchell Trace,+48743129915
226,57988975311,Jeffrey Green,Podlasie,West Angela,80620,497 Steele Prairie,+48477995629
227,54447286845,Christina Schultz,Kuyavia,Davisstad,55028,601 Steven Green Apt. 650,+48784885945
228,28815819461,Alexander Humphrey,Pemrania,Lake Kirsten,14552,2746 Smith Forks Apt. 163,+48621441634
229,82498448489,Lisa Gonzales,Kuyavia,Ryanborough,13090,056 Ruth Orchard,+48645598951
230,91982365682,Robin Smith,Pomerelia,Lake Lisa,11157,141 Carter Points Apt. 429,+48743432456
231,87885919569,Cody Brown,Pomerelia,North Wesley,21519,2927 Linda Valleys,+48466758399
232,42478456417,Glen Logan,Podlasie,Port Jeffreyburgh,71011,9034 Hector Track Suite 615,+48965731269
233,26669962781,Greg Roth,Silesia,Briannamouth,06380,02688 Michelle Wall Apt. 809,+48676639757
234,39429733138,Ruth Davenport,Kuyavia,Ronaldtown,02587,353 Bell Pine,+48777439874
235,96219615178,Ashley Fuentes,Silesia,Cookbury,81143,17657 Aguilar Passage Suite 835,+48939745663
236,26775186821,Jason Mata,Podlasie,East Leslie,65197,063 Byrd Shoals,+48492397633
237,88568145463,Bruce Juarez,Pomerelia,East Sherry,28917,851 Colton Island,+48478247351
238,41791414595,Emily Scott,Masovia,New Robertfort,77169,5477 Kane Springs Suite 456,+48275255453
239,68934446448,Susan Maynard,Pomerelia,Lake Danielmouth,21987,221 Douglas Route,+48671242261
240,23417245828,Yvonne Aguilar,Podlasie,Bryantfort,22102,076 Janet Mills Suite 170,+48421226457
241,64158995724,Hannah Washington,Podlasie,West Lisa,16941,7205 Brown Alley,+48685762926
242,66239882876,Carrie Davis,Silesia,South Kenneth,24507,147 Brian Plain,+48167268454
243,27461454337,Dean Marquez,Podlasie,Lake Vanessaburgh,61501,5534 Amy Parkways Apt. 846,+48473922794
244,52596483273,Scott Richmond,Pomerelia,New Charlesview,17511,01024 Jennifer Stream,+48325455471
245,67113229597,Timothy Burton,Silesia,Markland,92581,23054 Davis Square Apt. 212,+48375357772
246,94962543412,Rebekah Mora,Kuyavia,South Connor,80010,2862 Gonzalez Turnpike,+48239347251
247,14345947766,Willie Carr,Silesia,Burnsville,60601,6403 Roberson Fields,+48856993688
248,64162788187,Calvin Jones,Pomerelia,New Cynthia,13168,73149 Cory Burgs Apt. 857,+48831894955
249,96753577652,Zachary Oliver,Pomerelia,Wyattmouth,19632,26513 Keith Flats Apt. 845,+48416342833
250,98997456148,Bryan Lopez,Masovia,Kathleenberg,66379,34164 Valerie Loop,+48254269441
251,44396466352,Michael Anderson,Podlasie,West Derekmouth,12068,7855 Arnold Ways,+48374172886
252,91222651168,Glen Morales,Pomerelia,Allisonland,95937,8277 Perry Port,+48196431577
253,99816614135,Kim Baker,Pomerelia,Rhondaport,00862,5119 Juan Causeway Apt. 954,+48341967361
254,26335777525,Rebecca Cooper,Pemrania,Ericside,51036,6001 Rachel Alley Apt. 387,+48558147334
255,56396826495,Heather Cole,Podlasie,North Andreafurt,55327,5559 Kristin Plains,+48392389484
256,64313382111,Valerie Diaz,Pomerelia,North Alicia,41815,1659 Green Mount,+48372169984
257,76365852129,Stephanie Ramos,Kuyavia,Jasmineport,49020,10932 Wright Garden,+48122385547
258,54274142424,Cindy Taylor,Pomerelia,New Michael,27696,11985 Hill Mount,+48968188641
259,96439194118,Penny Anthony,Kuyavia,Rogersside,37442,4657 Johnson Street Apt. 304,+48595228112
260,55674595147,Frederick Turner,Podlasie,Lake Crystalborough,20235,9954 Michael Club,+48122464653
261,67229875313,Samuel Sanchez,Pemrania,Buckleymouth,75680,35013 Ortiz Locks,+48619865625
262,51979796146,Crystal Foley,Podlasie,Candaceborough,39401,1326 Casey Shore Apt. 318,+48715737751
263,39737654873,Katrina Alexander,Silesia,Brewerstad,85187,3714 Taylor Islands Suite 412,+48666993159
264,64438214511,Lisa Wright,Silesia,East Angeltown,65347,98483 Soto Light,+48938314698
265,17336637884,Nicholas Gray,Kuyavia,New Bradleychester,14122,1291 Travis Cove Suite 178,+48379794184
266,12517987645,Todd Alvarez,Pomerelia,East Mikayla,44255,071 Snyder Lake Apt. 290,+48882768674
267,61997546681,Jessica Hardy,Pemrania,Chapmanshire,56159,02038 Alexandra Shores,+48374226741
268,54259936958,Timothy Romero,Kuyavia,Laraborough,95951,5176 Mcdaniel Shores,+48913712515
269,29174236748,Jessica Wise,Pemrania,Coffeyview,24849,8071 Obrien Square,+48918225757
270,29425558223,Brady Carrillo,Pomerelia,Loribury,71326,87709 Davis Fields Suite 599,+48274564174
271,27878422881,Steven Watkins,Podlasie,Garciafurt,97435,070 Jenkins Stream,+48588616796
272,71191396828,Shane Schroeder,Pomerelia,East Jonside,80109,85443 Johnson Road Suite 789,+48559653154
273,14321538584,Robert Baker,Pomerelia,Parkerstad,14132,9813 Berger Manors,+48548494271
274,65916195878,Zachary Burke,Pomerelia,Marialand,97232,827 Jonathon Court,+48998311959
275,35993749895,Brianna Clark,Masovia,North Robertshire,72947,2786 Lee Trace Suite 754,+48294264335
276,77216562365,Brittney Mcdonald,Pomerelia,Port Michael,26058,5274 Evans Ramp Apt. 302,+48767432564
277,95486137641,Daniel Williams,Pomerelia,East Mary,82052,312 Gerald Crescent,+48371924944
278,35324217623,Theresa Yu,Silesia,Lesliemouth,18038,027 Butler Land Suite 105,+48422635497
279,21781132942,Chad Marquez,Kuyavia,East Jessicaville,66862,97949 Danielle Mall,+48696937669
280,18116445872,Jon Carlson MD,Pomerelia,Andrewberg,45982,663 Ralph Union Apt. 827,+48654749679
281,36475612948,Matthew Bailey,Masovia,Christopherburgh,47514,723 Colon Streets Suite 479,+48174977358
282,96456315187,David Short,Masovia,New Victoriafurt,21759,8703 Calhoun Falls Suite 113,+48412816386
283,16956839797,Terri Cooper,Silesia,East Victoria,88005,35576 Lee Lights Suite 992,+48118711775
284,67776514174,Patrick Garcia,Silesia,Patriciaview,51008,4160 Browning Mountains,+48254974793
285,11537892529,Christine Garcia,Pemrania,Howardburgh,23908,263 Lawson Common Suite 913,+48672875958
286,88197797981,Amy Harper,Silesia,Jennifertown,13188,673 Miller Park,+48334636755
287,51469579564,Paul Taylor,Podlasie,Lindaborough,24778,63406 Johnson Trafficway,+48216645333
288,41526917272,Robert Leach,Masovia,Port Carlychester,12412,75999 Charles Lake Apt. 168,+48138637627
289,27755771597,Mark Daniel,Kuyavia,Lake Jacquelineland,55155,94014 Hughes Plaza,+48165788248
290,71636885114,William Tran,Silesia,Youngfurt,88960,3181 Rowland Mountain,+48941819844
291,22477881918,Sarah Lucas,Pomerelia,Ellisonberg,44607,57080 Charles Junctions Apt. 092,+48378789337
292,92468776153,Jason Bender,Podlasie,Lake Jamesborough,05961,000 Timothy Isle Suite 408,+48726685524
293,21799771772,Maria Carney,Silesia,Lake Kent,95936,91961 Ellis Centers Suite 524,+48266414469
294,88545239887,Walter Gallagher,Masovia,South Brandonside,07792,1968 Clark Lakes Suite 351,+48664312829
295,65527254365,Mary Thomas,Pomerelia,Browntown,43569,54822 Amber Streets Suite 781,+48876315852
296,14914913795,Isaac Herman,Pemrania,New Rebeccachester,32623,739 Marshall Courts,+48269122996
297,35325179359,Kristen Carter,Podlasie,Simsshire,81026,67883 Moore Crest,+48493516914
298,73221691587,Jason Parker,Pomerelia,Colleenfort,80647,05650 Paul Motorway,+48182244716
299,23769621433,Natalie Serrano,Kuyavia,Lawrencestad,49862,41125 Martin Rapid,+48916875949
300,97413218464,Carolyn Hart,Silesia,Port Theodoreville,09177,6118 Hanson Burgs,+48423998391
301,55755523713,Travis Walton,Pomerelia,Johnhaven,21685,9049 Robinson Tunnel Apt. 650,+48985267452
302,11771431755,Kenneth Simpson,Pemrania,Jessicaside,48642,4626 James Plaza,+48278628866
303,84622546416,Jennifer Bean,Pemrania,Josephhaven,81865,7420 Morse Gardens,+48477168254
304,57865223659,Mr. Timothy House Jr.,Masovia,Sarahchester,46463,931 Jonathan River Apt. 669,+48759983824
305,61165184972,Jenny Vargas,Masovia,North Jamesburgh,71266,882 Walker Lake,+48169421316
306,82157264721,Samantha Owens,Masovia,East Jaclyn,10616,59942 Emily Alley,+48222878178
307,47655195827,Lisa Frost,Silesia,Jeffreyshire,31126,37612 Taylor Ford,+48532667637
308,24482334636,Deborah Dean,Pomerelia,Yvonnebury,17135,60289 Megan Circle Apt. 799,+48361331574
309,42418512936,Jennifer Smith,Pemrania,Melaniebury,83174,12044 Michael Course Apt. 083,+48965129144
310,39394532997,Michelle Miller,Podlasie,Josephside,29960,46959 Maxwell Turnpike,+48343539168
311,92885126126,Kathy Woods,Pemrania,Lake Jordanberg,14491,6098 Jack Park,+48543346351
312,16534148622,Rebecca Blanchard,Pemrania,Victoriaberg,91163,75833 Mark Drives,+48188347288
313,45438438648,Chelsea Schmidt,Silesia,Troymouth,12996,99056 Janice Grove Apt. 067,+48683937867
314,56766856735,Kelly Davila,Silesia,Lake Monicastad,52601,2716 Kelly Junctions Suite 571,+48828234969
315,21423465489,Donald Morrison,Silesia,West John,95003,4582 Stacey Ridge,+48675497429
316,11471318839,Steven Sims,Masovia,North Justin,02434,10846 Nathan Cliff Apt. 816,+48468235598
317,18144348886,Renee Day,Silesia,Rachelborough,17578,387 Smith Hollow Apt. 996,+48114779969
318,37516695927,Joseph Ramirez,Silesia,East Philip,39475,4017 Aguilar Extensions Apt. 596,+48886456395
319,13955932148,Joanna Nguyen,Pomerelia,Daniellestad,52518,22417 Willis Haven,+48659841168
320,48849852314,Oscar Johnson,Podlasie,Chenfurt,17129,41178 Kelsey Trail,+48376299728
321,87624483595,David Sampson,Silesia,New Meganburgh,73639,9496 Wilson Inlet Apt. 324,+48741583456
322,92518874814,Yvonne Edwards,Pomerelia,Zacharytown,10359,39275 Shannon Wells,+48916142511
323,21731978663,Jessica Lindsey,Silesia,Kristenland,60791,495 Esparza Locks,+48999565469
324,85527683163,Nancy Weber,Podlasie,North Ian,31423,1259 Vasquez Curve Apt. 665,+48127357338
325,57173854385,Edwin Willis,Pomerelia,Meganfurt,13269,694 Luna Lock Apt. 662,+48765742231
326,15425433718,Karen Jones,Pomerelia,East Rachelbury,66827,03284 Burton Corners Apt. 043,+48348265749
327,41593165183,Tina Hendrix,Kuyavia,Mendozaburgh,01990,400 Brian Mission,+48765233726
328,99739116957,Paul Alvarez,Podlasie,Stevensonshire,70911,53179 Sherry Park,+48144938116
329,26287693597,Robert Peterson,Pemrania,New Natalie,74097,261 Angel Place Apt. 116,+48313764189
330,81157945224,Nicole Nixon,Masovia,Port Julie,89590,48288 Jennifer Fall Suite 292,+48462862616
331,96747923124,Melinda Weber,Podlasie,Boydberg,62886,90094 Middleton Route Apt. 265,+48951851892
332,11115241635,Allison Gilbert,Podlasie,Josephmouth,56277,779 Lee Rapid,+48617838459
333,57333998358,Vicki Pierce,Pomerelia,South Davidhaven,37865,1546 Donna Prairie,+48648312151
334,18336911612,Lauren Martinez,Pemrania,Lake Jeffreyton,06246,15686 Jose Passage,+48359284967
335,54755352259,Vicki Ward,Pemrania,Murphystad,92180,1282 Reyes Locks Suite 428,+48431698628
336,96949583353,Taylor Moore,Masovia,East Lindseyville,98278,89048 Mills Crossing,+48293533961
337,63733625984,John Pena,Pemrania,New Heather,75568,9829 Jeffrey Roads Suite 380,+48181845689
338,36215645753,Caitlin Lyons,Podlasie,Rollinstown,50571,47269 Parker Road Suite 815,+48889117676
339,68893228143,Rachel Perry,Pemrania,Romeroville,89026,55348 Hull Cove,+48991518688
340,67185982221,Jaclyn Little,Pemrania,Lake Michelle,15800,6019 Katherine Rapids Suite 281,+48546999315
341,83713852362,Beth Huerta,Kuyavia,Port Robertshire,23500,39369 Coleman Causeway Apt. 927,+48957234948
342,76925332931,Anne Aguilar,Silesia,New Garyhaven,97893,885 Gregory Run,+48479217167
343,88468549894,Ronald Armstrong,Masovia,South Stephanieton,77972,09653 Edward Hills Apt. 223,+48818891425
344,36687741538,Dr. Daniel Kirk,Masovia,New Sue,97984,169 Joseph Turnpike Suite 442,+48891352458
345,93299722423,Leslie Patton,Masovia,Port Grantport,26351,3855 Stephen Islands Apt. 018,+48547922713
346,41878982294,Angela Underwood,Pomerelia,Stevenhaven,39095,991 Bryan Hills,+48687754681
347,54515579134,Michael Hamilton,Masovia,Lake Amy,59825,20147 Johnson Plaza,+48453585576
348,78559855749,Christine Parker,Silesia,Lake Gabrielle,24150,256 Brenda Station Suite 711,+48362657556
349,14258411361,Tiffany Nicholson,Pomerelia,Taylorfort,16606,305 Brandi Ranch,+48897825276
350,16884177961,Michael Johnson,Kuyavia,Wagnerfort,12993,94862 Frederick Pass Apt. 423,+48465787412
351,78358636938,Ian Campbell,Kuyavia,New Annettebury,62811,627 Edwards Ferry Apt. 598,+48254982384
352,87584751661,Aaron Morales,Pemrania,West Chadside,12810,0305 Kristy Oval Suite 316,+48684788688
353,54375247876,Alison Marsh,Masovia,Port Sharonborough,20958,4555 John Common Apt. 148,+48852538843
354,67292265661,Eric Carey,Silesia,South Brittany,29624,49204 Parker Haven,+48317691239
355,96351956865,Rhonda Mann,Masovia,Houstonton,28884,51262 Barbara Prairie,+48121816481
356,34633711932,Andrew Torres,Podlasie,Dunlapview,24653,4337 Jones Curve,+48688893445
357,69335598398,Linda Kim,Pemrania,Allenfort,31795,553 Johnston Cape Apt. 043,+48524336935
358,59155574671,Sean Kim,Silesia,West Pamela,14821,32340 Caroline Plains Apt. 945,+48119456898
359,34391864383,Michael Hardin,Pemrania,Stevenview,40562,176 Patrick Inlet,+48479532633
360,58517359114,Danny Gonzalez,Podlasie,Daviston,43546,219 Brandon Club Suite 214,+48722914383
361,32756679811,Katherine Villanueva,Pemrania,South Jameschester,91186,1674 Robinson Trail Suite 426,+48338818263
362,95139877125,Megan Peterson,Podlasie,Stewartberg,03615,41407 Davis Shoals,+48148596559
363,31692919886,Christopher Lewis,Silesia,East Kevin,50075,2788 Melanie Shoals,+48277873868
364,64322323318,Nathan Washington,Masovia,East Tanya,03316,38268 Matthew Hills Suite 756,+48268686668
365,41474942985,Danny Schaefer,Podlasie,Lake Andrewmouth,15896,26782 Wagner Viaduct,+48232882236
366,79869913748,Elizabeth Bowers,Silesia,Lake Lisahaven,35056,955 Simmons Dam Apt. 542,+48737519567
367,96493347299,Jeffrey Patel,Silesia,Andrehaven,92626,4223 Thompson Ford Apt. 121,+48834259694
368,69932469127,Gloria Thomas,Pemrania,Pamelafort,90300,0873 Logan Unions,+48732357455
369,22546929225,Sara Deleon,Podlasie,East Patricia,43987,1986 Lowery Throughway,+48245388534
370,14845883543,Christina Weeks,Podlasie,South Aliciatown,72955,251 Cooper Spur,+48143151336
371,67728755455,Nicholas Martin,Podlasie,New Jenna,18297,646 Carrillo Burg Apt. 038,+48238148819
372,78541175437,Eric Sandoval,Silesia,Reynoldsmouth,10509,05422 Smith Falls,+48992447954
373,34972412537,Elizabeth Rodriguez,Pemrania,Gregoryport,59234,19157 Amber Wells,+48132716413
374,25335595813,Megan Robinson,Podlasie,Shieldsstad,40371,835 Juan Plaza,+48945335267
375,55661577265,Christopher Spencer,Kuyavia,Cassidymouth,94842,32890 Ryan Pine,+48137567159
376,45551734968,Cassandra Murphy,Silesia,Robertmouth,74938,01511 Johnson Prairie Apt. 972,+48597177933
377,87851633965,Raven Anderson,Kuyavia,West Vincenthaven,80274,02320 Velasquez Village Suite 418,+48185962412
378,48763712457,Joshua Coleman,Pomerelia,Josephburgh,33943,8680 Obrien Mountains Suite 975,+48333141258
379,26284563476,Robert Stout,Pomerelia,Larryberg,53874,0924 Clark Ridges,+48291471713
380,22892671634,Sean Maynard,Masovia,Coxmouth,90876,74374 Anna Corners,+48356472481
381,29898645432,Cynthia Price,Silesia,Cynthiachester,01509,09808 Sandra Avenue Apt. 326,+48796769254
382,56919488749,Susan Fisher,Kuyavia,Jessicahaven,43084,7332 Cesar Junction Apt. 153,+48657332156
383,38962763282,Sarah Rush,Pomerelia,Port Colin,38636,706 Sarah Curve Suite 807,+48481643567
384,14337964897,Scott Davidson,Silesia,West Marie,08116,9251 King Ridges Apt. 546,+48171593632
385,43973777235,Tracey Cooper,Pomerelia,South Christopher,64498,1174 Erin Trace Apt. 907,+48255317112
386,28666375741,Christopher Shelton,Kuyavia,Stephanieton,13216,67317 Justin Drive,+48721381515
387,23436211412,Kenneth Hall,Podlasie,Joshuamouth,95794,5865 Kelley Plaza,+48367184491
388,58898459916,Miranda Clark,Podlasie,South Allison,80138,76966 Ali Trail Apt. 909,+48766441713
389,27716742665,Emily Davis,Kuyavia,Randallmouth,58307,255 Anthony Port,+48526844186
390,52988812663,Jonathan Alvarez,Pemrania,Kellyside,61382,4830 David Corners Apt. 954,+48328365968
391,37841453343,Ashley Aguirre,Pemrania,Hughesland,68687,07060 Hernandez Villages Suite 019,+48965522729
392,39921433763,Sheila Lawson,Pomerelia,Michaelfort,11532,56638 Alan Camp Apt. 501,+48195527364
393,22122393884,Stephanie Salazar,Silesia,South Cameronfurt,52903,6821 Rivas Viaduct,+48474927458
394,36613637732,Virginia Murphy PhD,Kuyavia,South Bradley,12726,34094 Katie Pass,+48594944814
395,59891539639,Sarah Bowers,Masovia,Port Christopher,14287,35167 Jason Key Suite 246,+48861926389
396,65942466853,Tyler Bender,Pemrania,Fisherberg,38977,0742 Ferrell Village Apt. 745,+48392356566
397,59966859313,Shane Arroyo,Pemrania,Hickshaven,31236,059 Dougherty Groves Apt. 886,+48784414498
398,95278764595,Aaron Dawson,Masovia,Brittanyborough,22428,01162 Melissa Forges Suite 935,+48379732397
399,67853161659,Katelyn Ashley,Pomerelia,Lake Angela,52299,956 Cook Springs,+48779497454
400,46864482777,Jeffrey Ewing,Kuyavia,East Penny,09820,328 Boyle Gardens Suite 004,+48233444222
401,53912571921,Barbara Nunez,Kuyavia,Christinabury,14043,565 Ortiz Landing,+48557356767
402,61479392961,John Torres,Masovia,Matthewville,72449,73799 Bennett Neck,+48686457745
403,61124289747,Brandi Pope,Silesia,Stephaniehaven,75065,1269 Stafford Flat Suite 052,+48921827489
404,74158963191,April Greer,Pemrania,Gilbertstad,69780,6207 Young Locks Suite 324,+48886761793
405,32278322853,Gail Johnson,Pemrania,North Christopher,06347,850 Kenneth Estates,+48279447819
406,91896662718,Keith Lewis,Silesia,Salasbury,51153,2596 Thomas Plaza,+48438774574
407,46927218915,Brandon Allen,Kuyavia,Hornshire,95365,3433 Gabriela Green,+48568883712
408,99673887331,Michael Cabrera,Pemrania,Debrafort,19589,5773 Wagner Rue,+48167458264
409,21961553934,Darrell Perez,Silesia,Millerfurt,53320,56884 Smith Groves Apt. 953,+48961114973
410,43679277773,Rebecca Miller,Masovia,East Josephhaven,80937,819 Mason Creek Suite 265,+48237479249
411,45174272851,Darren Gonzales,Silesia,East Arthurfort,21530,66828 Randy Trail,+48159762474
412,67395432642,Shannon Brown,Pemrania,East Courtneybury,39332,8556 Austin Turnpike Suite 291,+48954636274
413,39375118985,Christopher Garcia,Pemrania,East Michaelfurt,64683,23097 Jeffrey Springs Apt. 138,+48429528799
414,84416637298,Heather Mcdonald,Silesia,Craigborough,15584,096 Lara Extensions,+48496937713
415,59784817944,Michele Barker,Silesia,East Joe,87238,5469 Spencer Crossing,+48584466628
416,59664551979,Gabriela Stone,Kuyavia,Wrightburgh,21782,061 Mullins Lights Suite 221,+48482139915
417,87438943665,Brandon Parker,Kuyavia,South Jonathanton,98473,88741 Taylor Views Apt. 239,+48721851723
418,24752276698,Brian Rodriguez,Silesia,Brettburgh,97251,3914 Woodward Turnpike Apt. 615,+48392914674
419,29123794713,Wendy Perkins,Kuyavia,Scottside,06028,8877 Curtis Lock,+48243138613
420,43285286929,Douglas Romero,Kuyavia,Port Tamara,02947,210 Hoover Light,+48381613688
421,69789217763,Taylor Holt,Podlasie,North Natalie,43683,461 Sandoval Cliff,+48953335842
422,36235661177,Tammy Alvarez,Pemrania,Debraside,70503,02644 Stevens Harbor Suite 668,+48141163623
423,51556267492,Kristin Sanchez,Pomerelia,West Chad,57951,5476 James Track Apt. 323,+48468548658
424,84298633384,Jason Wheeler,Kuyavia,Andersonbury,29995,53363 Johnston Meadows Suite 339,+48159565325
425,96647424375,Ricky Price,Pemrania,Matthewtown,00800,02161 Rogers Flats Suite 898,+48665391792
426,84331763751,Robert Morgan,Silesia,West Samuel,08383,57673 Tyler Roads Suite 795,+48368696383
427,77314962236,Savannah Patterson,Silesia,Katrinafurt,75658,0671 Santana Square,+48254721183
428,59975529441,Alexis Burnett,Pomerelia,New Paul,53007,885 Rivera Station,+48365313196
429,58898197198,Kristin Hammond,Pomerelia,West Jenniferview,09096,8687 Malone Bypass Apt. 657,+48287751567
430,13767469535,Sarah Howe,Pemrania,New Leonland,60622,4254 Edgar Brooks Suite 836,+48765919727
431,65837867219,Kelsey Jenkins,Podlasie,Heatherville,58591,621 Craig Inlet Apt. 035,+48795135766
432,35825399686,Shelby Gonzalez,Kuyavia,Lake Loribury,44746,2571 Brooks Crest Suite 556,+48128414454
433,37778321178,Diane Cameron,Pemrania,Arnoldville,76005,3130 Stephen Haven Apt. 591,+48979631653
434,87582424836,John Ortiz,Podlasie,New Matthewberg,02706,118 Gibson Islands Apt. 576,+48292981976
435,82623623682,Douglas Vega,Pemrania,West Frederickborough,89199,95164 Jenkins Ports Suite 589,+48643675994
436,91558933958,Jay Smith,Podlasie,Riosland,59080,254 Alan Circle,+48193879393
437,48912657387,Mark Pierce,Silesia,North Stefanie,67608,184 King Street,+48719994691
438,88972967579,Anthony Hopkins,Silesia,Holmesmouth,87784,77037 Jones Curve Apt. 880,+48767829252
439,79729367755,Ariel Oliver,Podlasie,Nicholsbury,89842,243 Thomas Branch,+48579557336
440,59762657744,Cynthia Gibson,Masovia,Brownview,79580,73944 Richard Forks Apt. 443,+48934516821
441,51448913979,Eric Kelly,Kuyavia,Douglasborough,68741,807 Luis Corners Apt. 530,+48329991815
442,11527667425,Amanda Simpson,Kuyavia,Lake Renee,69290,52684 Kaufman Fall,+48845793923
443,93363224641,Stephen Hernandez,Pomerelia,Shannonchester,60491,2021 Johnson Dale Suite 973,+48346477722
444,19998411686,Levi Kelly DDS,Silesia,North Melissa,19880,9939 Isaiah Terrace,+48264834239
445,45566455686,Matthew Sanchez PhD,Masovia,North Chelsea,67403,2995 Richardson Center,+48545934989
446,97145771812,Chase Valentine,Silesia,Lake Brittneytown,30273,6494 Jordan Well Suite 284,+48837958617
447,36114159559,Terri Hamilton,Kuyavia,Lake Sarahbury,20981,5066 Natalie Divide Apt. 133,+48457141327
448,86614836146,Rachel Cooper,Pemrania,South Katrina,81570,79544 Gray River,+48887848719
449,68341313921,Michelle Carpenter,Podlasie,Fowlerberg,47221,527 Rodriguez Curve,+48634591888
450,57164915583,Kenneth Ashley,Masovia,East Janice,20741,7001 Steele Villages,+48611145383
451,73334747513,Jennifer Guzman,Pemrania,Bishopton,44201,515 Susan Turnpike,+48182726312
452,16885912555,Ms. Misty Knapp,Pemrania,Rebeccabury,42416,38931 Christian Walks Apt. 474,+48482487796
453,66372147667,Erica Cross,Pomerelia,West Andreaview,22834,8160 Bowers Mountain Suite 550,+48968768526
454,14414242567,Richard Branch,Pemrania,Mercadostad,17514,264 Steven Views Suite 025,+48183456695
455,73719158278,Jay Hobbs,Silesia,Port Ronaldstad,06523,9927 Carter Prairie,+48861635768
456,24995282367,Carla Jones,Podlasie,Roweshire,13703,9341 Daniel Dam Suite 802,+48586166322
457,19292741759,Natalie Pratt,Silesia,Normanville,04347,01380 Alan Center Apt. 322,+48832724476
458,61478381422,Alexandria Foster,Pomerelia,Lake Katrina,14759,8268 Vazquez Bridge Apt. 042,+48387416484
459,94483575539,Alvin Hill,Silesia,Andrewton,35169,044 Delgado Extension Suite 029,+48757793125
460,83354347234,Brian Bright,Masovia,North Brettstad,46497,4240 Anita Circles,+48691712942
461,11163294825,Luke Mccarty,Silesia,Jeffreyhaven,46042,287 Pennington Loaf Apt. 599,+48899994179
462,77686888439,Ashley Mooney,Pemrania,Garyville,57645,870 Bowen Loaf Apt. 910,+48765928811
463,14332264719,Cameron Sanchez,Masovia,Hubbardland,18278,392 Montoya Extensions Suite 837,+48629855342
464,32984917169,Thomas Paul,Podlasie,Johnsonside,08421,62852 Price Motorway,+48714434637
465,92888817387,Tracey Wilson MD,Pomerelia,Harrisberg,77073,0577 Brenda Camp,+48249936488
466,12293598581,Sara Fisher,Pomerelia,East Yolandamouth,14725,128 Thomas Glens Apt. 234,+48996612553
467,77154285571,Dr. Stephen Gray,Masovia,Lindseystad,35507,5594 Holmes Summit,+48547363122
468,76997238181,Jerry Underwood,Pomerelia,South Brian,53722,223 Martin Branch,+48174814994
469,11467754485,Tyler Adams,Kuyavia,Lake Williamland,12118,57291 Andrew Motorway,+48616363581
470,16862686739,Angel Morales,Kuyavia,South Emily,06563,030 Corey Gardens,+48253858756
471,36774383621,Megan Murphy MD,Podlasie,Autumnview,73241,37963 Brian Radial Suite 130,+48495323451
472,77312479558,Kyle Torres,Silesia,New Pamela,45735,89432 Vasquez Park,+48731689642
473,24889916986,Stacey Williams,Masovia,Port Karaland,19423,68143 Gonzalez Roads Apt. 199,+48923411839
474,48598167263,Luis Lopez,Podlasie,Johnsonstad,66029,2442 Chapman Branch Apt. 674,+48446893871
475,11481931715,Sarah Calderon,Masovia,South Wayne,53334,79480 Anderson Brook,+48945885274
476,47486447293,Jennifer Hill,Kuyavia,Nicholasshire,10348,041 Kevin Highway,+48932312328
477,24518483499,Lori Elliott,Podlasie,West Michelle,43901,540 Zoe Club Suite 934,+48784248356
478,45942224397,Laura Everett,Kuyavia,North Vincentstad,44173,468 Christopher View,+48566132343
479,27691364562,Kristen Ramirez,Masovia,New Daniel,28260,686 Todd Way Apt. 148,+48415352283
480,46495871592,Corey Hernandez,Silesia,Cartershire,47761,093 Kevin Alley Suite 936,+48445359152
481,64255317616,Elizabeth Mann,Podlasie,East Katie,64458,120 Thomas Plain,+48837933833
482,27972641296,Michelle Pace,Masovia,Port Kimberly,90662,99223 Michael Islands,+48529857919
483,88459531433,Laura Marks,Masovia,Valeriemouth,05427,4174 Christina Walks Apt. 754,+48424756854
484,63797151962,Troy Vargas,Kuyavia,Sarastad,52248,01786 Serrano Course Suite 136,+48963597661
485,95272883711,Karen Jones,Pemrania,Maxwellstad,21369,20705 Dillon Plain,+48262978765
486,23348894653,Raymond Fleming,Masovia,Lake Justin,98744,9558 Ashley Shoal,+48197851528
487,79399725254,Tammy Long,Kuyavia,Wangchester,39745,38726 Pamela Highway,+48676549348
488,29827671529,Ricky Decker,Silesia,South Timothy,58956,3908 Rodriguez Green,+48666852338
489,29599776774,John Murphy,Silesia,West Melissa,31107,280 Ross Springs,+48957744855
490,17465447938,Carlos Wilkerson,Silesia,Dianaborough,22664,78906 Patricia Forest Apt. 254,+48755797923
491,25442431239,Michael Brewer,Masovia,Christopherland,91895,351 Carter Route,+48165454712
492,86724817973,Cory Duran,Masovia,Andrewfort,30732,419 Daniel Village Apt. 015,+48258889199
493,98695942142,Jennifer Kane,Pemrania,Moorehaven,39768,143 Sexton Gateway Apt. 270,+48672144865
494,48648183117,Lauren Weaver,Podlasie,Port Craig,33609,569 Olson Knolls Apt. 567,+48377185622
495,87527345229,Christopher Johnson,Podlasie,Contrerasmouth,58596,7754 Hill Club Suite 197,+48656357589
496,36464255953,Lindsey Johnston,Podlasie,West Brandi,29959,848 Carrie Drives,+48594829745
497,71361919998,Dr. Russell Mendez,Pemrania,Aprilborough,21858,8024 Ross Shores,+48946627679
498,58291884739,Kenneth Hill,Podlasie,West David,85728,929 Alicia Mission,+48375222488
499,75562332634,Lisa Oliver,Kuyavia,South Mark,38460,6468 Thomas Squares Apt. 947,+48921988431
500,94576317118,Lucas Miller,Masovia,West Aprilport,39531,637 Cooper Port,+48795584967
501,49515664634,Christy Hayden,Silesia,Sarahmouth,52462,404 Rios Ramp Suite 999,+48898765735
502,33319391874,Brian Fisher,Podlasie,Thompsonview,68436,401 Melissa Brook,+48824978744
503,41599461485,Bryan Mcgee,Masovia,Garzamouth,37478,635 Patterson Tunnel Apt. 761,+48815273397
504,55225522518,Gregory Hart,Silesia,Dianaview,73342,151 Cunningham Locks,+48373489697
505,28622164593,David Tran MD,Pomerelia,Devonmouth,90761,71313 Isaac Underpass Apt. 793,+48166781768
506,33345277688,Miss Jennifer Miller MD,Podlasie,South Melissaport,66962,7981 Perez Turnpike Apt. 107,+48353541544
507,71968178198,Jason Sherman,Kuyavia,Meyerfurt,95826,002 Ford Junctions,+48537457327
508,88777316439,Michael Freeman,Kuyavia,Rogersside,31179,07207 Mary Plain,+48941849476
509,92911593275,Charles Herman,Pomerelia,South Jefferymouth,30212,19787 Kelly Port,+48937247833
510,85933397386,Bradley Parker,Masovia,New Wayne,54995,13578 Johnson Tunnel,+48282664357
511,49733744742,Brian Mckinney,Masovia,Leemouth,35705,947 Kristine Island,+48917861958
512,25759948144,Marie Adams,Pemrania,Robertberg,45426,926 Ramirez Courts,+48386342566
513,37731792664,Lisa Williams,Kuyavia,West Billyhaven,94777,805 Anderson Ports,+48539439752
514,67372299928,Benjamin Baldwin,Pomerelia,New Kristentown,66492,1249 Reeves Parkway Apt. 866,+48444312479
515,82643844786,Jessica Martin,Podlasie,New Ralph,29267,761 Rebecca Forges Suite 370,+48815189888
516,34254343871,Hayley Dougherty,Pemrania,North Jenniferborough,50697,674 Cain Station Suite 442,+48433539469
517,73963451366,Susan Gallagher,Kuyavia,North Antonioberg,77948,817 Jessica Burgs Apt. 915,+48518734824
518,41247735711,Eric Martin,Silesia,Scottside,01118,86065 Jessica Mall,+48966417795
519,41522638381,Samuel Brown,Kuyavia,Port Katelyn,99792,9222 Johnson Track,+48958992162
520,54861257256,Katie Torres,Podlasie,Woodsborough,89345,52609 Pham Trace,+48972866112
521,48411243348,Stephen Martin,Podlasie,North Robertbury,07293,159 Nguyen Lights Apt. 591,+48565615821
522,27327223168,Dawn Lee,Kuyavia,Rebeccastad,90025,59054 Rodriguez Tunnel,+48749362262
523,71939391623,Kelly Davis,Podlasie,Meganmouth,46679,2069 Reginald Spur Apt. 397,+48213198812
524,18654315641,Nathan Quinn,Kuyavia,Princehaven,02924,455 Julie Hill Suite 117,+48862665552
525,27244728154,Suzanne White,Pemrania,Johnsonhaven,55262,7899 Case Route Apt. 740,+48769281774
526,86678588228,Julie Phillips,Silesia,Elizabethland,21733,85896 Caroline Island,+48594613172
527,77923428733,Walter Martin,Podlasie,Brianside,73759,2377 Henderson Plain,+48136372877
528,54984783822,Dennis Jordan,Pemrania,Rogerchester,94452,79811 Crane Port Apt. 208,+48715914963
529,15529145953,Shelley Tate,Pemrania,North Colleen,37990,52983 Ricardo Landing,+48421349264
530,62757444531,John Freeman,Pomerelia,Davidland,42539,38617 James Union Suite 676,+48654681779
531,14394217298,Brandon Stout,Masovia,Kramerhaven,12755,170 Stacey Lights,+48451227561
532,61119691418,Robert Gomez,Pomerelia,New Mary,54078,924 Smith Track Apt. 596,+48979685627
533,96288833835,Mary Ross,Kuyavia,Natalieport,78437,9301 Collins Parkways,+48778361212
534,58447631359,Daniel Thompson,Silesia,Victoriamouth,28538,7753 Beard Roads Suite 804,+48736612237
535,22243834714,Bonnie Jones,Masovia,West Matthew,09658,6148 Thompson Wall Apt. 366,+48855356387
536,11752535546,Luis Perez,Podlasie,North Christina,29367,3356 Harrell Heights Suite 320,+48172857124
537,56475724866,Rachel Young,Silesia,North Alexisburgh,88071,115 Walsh Skyway,+48965299631
538,99132913482,Dr. Tracy Vega,Pemrania,Tinamouth,89603,64863 Christopher Views Suite 701,+48399214299
539,77135573667,Paul Shaw,Pemrania,West Russellfurt,44754,00905 Jason Curve,+48921672134
540,91659118223,Robert Mathews,Kuyavia,Middletonbury,23771,9137 Jensen Estate,+48431375816
541,48633613679,Thomas Torres,Pemrania,East Lukeberg,93115,180 Thomas Locks,+48799831678
542,83832454765,Eddie Thomas,Podlasie,West Kevinberg,24216,84144 Russo Ramp,+48745178594
543,39176978911,Jennifer Andrade,Silesia,Carrilloside,09484,3518 Scott Stravenue,+48763488128
544,87473324961,Daniel Miller,Pomerelia,Leslieborough,91532,276 Mary Mall,+48126933361
545,57373327244,Tammy Williams,Podlasie,South Phyllis,61457,4052 Stone Route Apt. 720,+48355634491
546,49774425578,Megan Winters,Silesia,Sharonberg,07473,216 Ryan Lodge Apt. 698,+48474821198
547,65992358432,Martin Vega,Pemrania,Johnsonfurt,72103,60691 Melissa Street Suite 913,+48841361824
548,13155416899,Andrew Adams,Masovia,Sharonmouth,73488,129 Stacey Street,+48286163928
549,25744882655,William Jones,Pemrania,Destinyport,89436,71457 James Spurs,+48956167126
550,68297785919,Anthony Alexander,Pomerelia,Bradleyberg,59472,21792 Wood Pines,+48538499932
551,29133645381,Cheryl Kim,Pomerelia,New Kathrynland,95874,2758 Marsh Drive,+48362224116
552,43562546663,Amber Howard,Podlasie,Lake Michael,84225,767 Carol Mount,+48894944148
553,95857427786,Mikayla Howard,Kuyavia,Josephmouth,44042,329 Jay Underpass,+48893981523
554,77785824248,Stephanie Aguilar,Pomerelia,Port Jason,11426,3142 Lopez Brooks,+48861723843
555,48664664221,Deborah Cook,Silesia,Dawnchester,76331,985 Bailey Port,+48183981297
556,41353414235,Johnny Chen,Pomerelia,Lake Rileyton,83290,86879 Edward Vista Apt. 599,+48995882886
557,63366468819,Joseph Harris,Masovia,Tamaraberg,98881,509 Justin Point,+48465367113
558,92955254329,Donald Mullins,Kuyavia,Jacobtown,71488,4594 Brandy Hollow Apt. 832,+48624415284
559,79774813456,Christina Williams,Pomerelia,West Luisfurt,59168,858 Tamara Overpass Suite 572,+48976926135
560,98563539382,Kevin Martin,Masovia,New Krista,56464,53076 Linda Tunnel Suite 950,+48938339261
561,51829718553,Troy Johnson,Pomerelia,Matthewsmouth,71899,2474 Martin Way Suite 859,+48683415966
562,41969161342,Whitney Williams,Pomerelia,East Kathleen,29393,29548 Adam View,+48588622365
563,62673624775,Gina Best,Podlasie,Port Anthonytown,50636,522 Sandra Brooks,+48732874194
564,92142144636,Matthew Graham,Podlasie,New Eileen,78866,4448 Sarah Alley,+48253721991
565,11783694936,Paul Dalton,Kuyavia,South Carol,52303,30115 Jeremy Views,+48441497182
566,66246581829,Natasha Page,Silesia,Lisachester,55762,7635 Collins Walk,+48562321522
567,85511563471,Matthew Hamilton,Podlasie,South Danielmouth,83348,848 Smith Keys,+48873996248
568,52261583982,Leslie Jenkins,Masovia,North Jonathan,36062,59579 Joyce Union,+48959543646
569,95788536358,Sara Davidson,Pemrania,Jonesfort,36474,0268 Roberts Lights,+48147796812
570,17337174517,Kara Harris,Masovia,Gregorystad,33818,7330 Lynch Way Suite 433,+48551942492
571,91143168864,Betty Torres,Pemrania,Robinsonmouth,16465,879 Lewis Drives Apt. 485,+48288952968
572,28233724782,Kathy Cook,Pemrania,New Vanessastad,73628,96183 Reid Mountain,+48494339713
573,39441256115,Natalie Snyder,Masovia,Garytown,22649,580 Thomas Mount Apt. 245,+48655334792
574,98818773133,Susan Lee,Pomerelia,Edwinberg,32774,585 Lamb Centers,+48785322326
575,79343223695,Kimberly Simmons,Podlasie,Debraport,20339,061 Foster Course,+48831228898
576,28317139844,Crystal Mcdowell,Podlasie,Herreraview,67915,7743 Tamara Gateway Apt. 348,+48369879641
577,17572883228,Kenneth Giles,Pomerelia,Stephanieshire,44755,05835 Rachel Drive Suite 951,+48237496852
578,81268214523,Leslie Abbott,Kuyavia,East Richard,82364,707 Dixon Summit,+48937436168
579,62845612435,Yolanda Guerrero,Pomerelia,Blakeborough,20142,5381 Nicholas Estate,+48867653131
580,25365972747,Katrina Mendez,Pomerelia,Longshire,57061,129 Brandon Mall Apt. 110,+48654554157
581,72871193846,Meghan Compton,Silesia,Christophertown,48267,81873 Rogers Shoal,+48856349655
582,43133995688,Donald Stark,Pemrania,North Micheal,50146,1652 Robert Brook,+48896232784
583,92475557275,Keith Maldonado,Masovia,East Nicole,37294,577 James Knoll,+48453356463
584,47317186326,Kenneth Lopez,Pemrania,West David,06431,49995 Hogan Island Suite 198,+48512228684
585,61667929196,Lisa Duran,Pomerelia,East Susan,42219,05172 Marsh Extension Apt. 427,+48128661563
586,37238341745,Felicia Cole,Podlasie,New Rebeccashire,19671,21271 Harris Mews Suite 219,+48515695924
587,99927617144,Scott Gutierrez,Masovia,Ruizview,90815,46848 Jonathan Via Suite 644,+48976635935
588,17245523349,Elizabeth Hale,Masovia,Pattersonton,02257,72846 Trevor Drive Suite 983,+48672624773
589,18539676682,Christopher Petty,Podlasie,Jessicamouth,00619,9238 Rogers Heights Apt. 144,+48376185871
590,11738246894,Madison Fowler,Pemrania,South Jamesview,58753,0840 Erik Crossroad Apt. 163,+48223396881
591,63685996839,Amber Murphy,Pemrania,Micheletown,06051,1199 Peterson Plaza,+48721124814
592,17977933872,Gary Stevenson,Pomerelia,South Sydney,46883,601 Cantrell Stravenue Apt. 153,+48951751411
593,99148299366,Daniel Chapman,Pomerelia,Darlenefurt,62912,35733 Jennifer Isle Apt. 799,+48833747428
594,95798359994,Chelsea Page,Silesia,North Richardshire,39632,3379 Ronnie Mission,+48439574313
595,83757174982,John Gonzalez,Pemrania,East Ernest,86101,9700 Key Ways Apt. 616,+48339493997
596,41613935659,Andrea Robinson,Kuyavia,Crawfordfurt,48876,36901 Donna Spurs,+48952975176
597,75417356728,Jennifer Short,Podlasie,Lake Nicholasview,48121,56077 Julie Burg Apt. 829,+48366775272
598,88991272986,Anthony Washington,Kuyavia,Martinezbury,12162,13410 Andrew Glen Apt. 815,+48396231237
599,79458293624,Renee Maddox,Kuyavia,West Beverly,20293,8855 Anthony Highway,+48547632282
600,58797839696,Ryan Simmons,Pomerelia,Sharonland,66623,6493 Jane Drive Apt. 006,+48164259697
601,39841822511,Tina Harrison,Podlasie,Lake Wendy,48626,23099 Roberson Shoal Apt. 900,+48891675637
602,47179471122,Kathy Perry,Kuyavia,Smithland,18695,13134 Richard Fields,+48529527284
603,29971953231,Vincent Curry,Pemrania,West Christopher,28077,7096 Wilcox Mews,+48855439157
604,61737376286,Tammy Fuentes,Masovia,Lake Susan,63019,6056 Allen Spurs Suite 814,+48764127695
605,13914822322,Denise Aguilar,Silesia,Lake Jeremy,31355,46638 Andrew Port Apt. 314,+48252886896
606,71856525887,Stephen Roth,Masovia,West Mitchell,10782,01059 Valerie Stream Suite 026,+48887258518
607,15111961755,Mary Sanchez,Podlasie,West Davidville,01555,7699 Terri Greens Apt. 254,+48479128476
608,39935439952,John Jordan,Masovia,New Tracyview,44392,9598 Kim Mountains Apt. 242,+48426958284
609,21968533976,Jennifer Richmond,Pemrania,Port Brendaview,99687,974 David Neck Apt. 693,+48836383491
610,75918722935,Misty Garza,Pemrania,New Lauren,63488,1277 Denise Isle Suite 623,+48298883464
611,21384758774,Alyssa Elliott,Kuyavia,North Paula,29312,834 Haynes Turnpike Suite 094,+48245719243
612,93599972327,Glenn Henry,Silesia,East Anthonyshire,91164,21407 Robert View Suite 473,+48492314828
613,72882265411,Joann Hall,Pemrania,New Bobby,68937,558 Caleb Crest Suite 025,+48864748288
614,88119879753,Devin Richmond,Podlasie,North Debbie,31704,7413 Gregory Summit,+48143952885
615,83685446425,James Smith,Pomerelia,South Zacharyland,82560,72200 Fisher Island Suite 461,+48933437341
616,36229946155,Kristina Thompson,Pemrania,North Danielport,74255,5014 Brian Club Apt. 823,+48779456971
617,58939193115,Courtney Anderson,Silesia,South Sarahside,57034,10103 West Trail,+48121491847
618,36158368661,Kelsey Pierce,Pemrania,Heathbury,52026,5815 Edwards Pass,+48438154251
619,87971737469,Wendy Navarro,Silesia,East Amy,21246,89082 Phillips Corners,+48621961228
620,97617454648,Craig Burke,Podlasie,East Troyport,77220,26343 Brown Well Apt. 753,+48787449447
621,95659435954,Patrick Weber,Pomerelia,Robertfurt,75247,649 Bradley Camp Apt. 732,+48868545658
622,89487756684,Christina Elliott,Kuyavia,South Kimberlyfurt,19359,67949 Hudson Walks,+48541943812
623,88883422764,Todd Shaffer,Kuyavia,Lake Amy,67011,537 Parsons Dale Apt. 963,+48491956775
624,92153369811,Carolyn Stein,Masovia,Carsonfurt,25135,011 Jordan Highway Apt. 478,+48514848222
625,75984418186,Mark Perez,Pomerelia,East Nicolechester,83357,766 Alison Locks Suite 602,+48792675755
626,67997824793,Michelle Wallace,Masovia,Port Anna,18048,98918 Chan Crest Suite 592,+48537863985
627,25193498256,Jeffery Kennedy,Silesia,Port Juliahaven,45433,8170 Ford View,+48789899573
628,26716495137,Danielle Lin MD,Silesia,Lake Amystad,68918,7737 Ashley Parks Apt. 060,+48897658856
629,81935641525,Lynn Pittman,Silesia,North Donaldtown,79533,024 Vanessa View Suite 578,+48788686729
630,56492493713,Michael Wade,Pomerelia,Jonesfort,21604,5210 Lindsey Grove,+48616737917
631,93227136642,James Alvarado,Masovia,New Timothyview,98562,39729 Gonzales Ville Apt. 193,+48322711697
632,19117666515,Natalie Lozano,Pomerelia,North Ashleyland,19516,185 Buchanan Rapid,+48315355949
633,47868476662,Micheal Taylor,Kuyavia,North Jay,80350,9741 Duarte Crossroad Apt. 389,+48816859616
634,57888425329,Nicholas Gregory MD,Podlasie,Silvaland,07076,6780 James Street,+48626812141
635,15166129686,Stacy Lowe,Pomerelia,Lake Robert,13783,078 Nguyen Mission Suite 194,+48314233564
636,73363388543,Gabriel Nichols,Pemrania,South Devin,83385,77385 Anderson Coves,+48373668711
637,23591312536,Joseph Dyer,Pemrania,Lake Daniel,81729,81478 Beverly Flat,+48976297598
638,64466922891,Robert Chapman,Podlasie,Deborahchester,30222,38519 Miller Prairie Apt. 971,+48379992635
639,93438296254,Stephanie Morales,Podlasie,Port Eric,04376,70755 Thompson Road,+48592886925
640,97882555249,Cody Nelson,Masovia,Cooperburgh,48643,554 Robyn Square,+48318344521
641,89922212294,Emma Moss,Pemrania,Murphyview,37522,893 Deleon Islands,+48376757465
642,46517699491,Kelly Baker,Pemrania,West Michael,36424,6614 Tami Ports,+48458118471
643,86432587125,Jennifer Johnson,Kuyavia,Olivermouth,91945,03470 Johnny Fords,+48878522459
644,67275392993,Larry Thomas,Masovia,Amandashire,75501,288 Victoria Heights,+48387161781
645,75253145391,Sean Allen,Pomerelia,Andrewborough,04845,45894 Henry Green Apt. 514,+48312491888
646,49919762293,Christopher Dalton,Masovia,South Mitchell,06430,1501 Bates Viaduct Apt. 168,+48467641465
647,47437236455,Calvin Gallagher,Masovia,South Timothy,03922,28293 Young Route Apt. 091,+48996688827
648,41333437264,Laura Smith,Kuyavia,Lake Nathanielmouth,17227,359 Johnson Trafficway,+48682577889
649,36665728666,Russell Garcia,Kuyavia,West Michelle,16820,1064 Paul Garden,+48459866973
650,44371962943,Jessica Johnson,Kuyavia,Edwardsborough,34484,69105 Wilson Lock,+48246486299
651,51629227945,Ryan Kelley,Kuyavia,West Micheleland,43569,30676 Nelson Islands,+48144734651
652,74348691599,Autumn Waller,Pemrania,Whiteshire,50830,23030 Curtis Inlet,+48899867691
653,68193627532,Antonio Sanders,Pemrania,Lake Cody,53339,41367 Elizabeth Fields Apt. 237,+48579187575
654,82481839245,Ann Simmons,Podlasie,North Ryanmouth,78314,7178 Robert Prairie,+48136727693
655,72652493785,Anthony Graham,Pemrania,Donaldfort,89830,40183 Jimmy Village Suite 023,+48129419943
656,42166924769,Dennis Hatfield,Kuyavia,Lewiston,93544,74044 Randolph Port,+48556783144
657,66868598345,Jennifer Cunningham,Pomerelia,Clarktown,82076,5631 Phelps Mountains Suite 039,+48842595457
658,72382981282,Martha Smith,Masovia,Ryanhaven,35577,7552 Jeffrey Glen,+48224487164
659,52438752327,Yolanda Shah,Pemrania,Arielmouth,56006,283 Coleman Lock,+48185791134
660,45663991916,Christine Jones,Podlasie,Castilloville,05747,22005 Green Mountains,+48669373824
661,31294738166,Deanna Gibson MD,Kuyavia,Wattsport,75005,29691 Elliott Groves,+48371396963
662,94496239325,Selena Burton,Silesia,Cruzberg,07809,71985 Wilson Squares Suite 724,+48396835167
663,82858662167,Frank Gardner,Silesia,Anthonymouth,83109,8404 Randall Underpass Suite 571,+48176938943
664,79978642417,Kelsey Harrison,Pomerelia,South Nicole,82505,88102 Nancy Port Apt. 386,+48966833999
665,97798471991,Alan Boyle,Podlasie,Martinborough,49059,5245 Williams Glens Apt. 166,+48993312451
666,12847777148,Margaret Lambert,Kuyavia,South Susanton,49254,1793 Underwood Passage,+48753539957
667,31228547364,David Miller,Kuyavia,Seanville,64237,6241 Cantu Viaduct Apt. 395,+48497443875
668,57791386388,Deanna Wheeler,Podlasie,West Jamie,17307,9213 Bonnie Plaza Apt. 998,+48177933657
669,56332199695,Cathy Sandoval,Kuyavia,Johnsonchester,68706,6516 Lindsey Manor Apt. 044,+48968667439
670,19462612394,Samantha Ramsey,Pomerelia,Nicholemouth,94847,8727 Humphrey Fords,+48769297817
671,54421276694,James Davis,Silesia,Walkerchester,03022,2625 Joseph Lake,+48148823473
672,84546318436,Caroline White,Masovia,New Amanda,32144,84288 Maldonado Viaduct,+48371663265
673,33525364893,William Davis,Masovia,Lake Joshua,58402,371 Walker Passage,+48451154742
674,59689941862,Jennifer Ochoa,Silesia,Port Teresastad,97376,0892 Allen Valley Apt. 299,+48749884837
675,93787389487,Ryan Sanders,Kuyavia,Whitneymouth,77802,188 Tanner Views,+48394611765
676,64934822787,Emily Hendrix,Pomerelia,North Danielle,44220,6852 Mark Mills Suite 480,+48431437931
677,99249289244,Katherine Vaughan,Pomerelia,Sharphaven,45836,6611 Laura Throughway Suite 698,+48239834662
678,71545699721,Julia Cooper,Silesia,Port Staceyside,02526,867 Murphy Lodge Suite 313,+48654959443
679,54932198122,Morgan House,Podlasie,Janetport,62690,847 David Circles,+48748925762
680,37324464251,Teresa Hensley,Pemrania,West Audrey,61255,346 Rivera Cape,+48712465535
681,19338325375,Joel Hernandez,Masovia,Glassfurt,57449,1998 Amy Gateway,+48496295315
682,82752843516,Diane Chambers,Masovia,East William,41083,82895 Rogers Street Apt. 464,+48146271728
683,58399143194,Thomas Griffin,Kuyavia,Carmenfort,68937,82280 Mark Well Suite 059,+48765357555
684,55723777213,Christopher Evans,Masovia,Ramirezmouth,91922,56102 Christopher Road Suite 297,+48356572814
685,88117299184,Marcus Montgomery,Masovia,Rodriguezbury,33452,1937 Benjamin Light,+48272242269
686,65469742546,Matthew Bailey,Pemrania,East Pamelachester,83444,63041 Jennifer Parks Apt. 034,+48193572832
687,36746128455,Tara Byrd,Masovia,New Jonathan,65151,17877 Maurice Roads Apt. 914,+48928565186
688,47318151564,Thomas Gallagher,Masovia,Hughesville,02480,1983 Liu Forges Apt. 425,+48671894448
689,68695386596,Briana Smith,Silesia,East Jonathan,41076,157 Gilbert Isle Apt. 539,+48343557239
690,18937749724,Emma Roman,Masovia,Port Sherrifort,17238,225 Torres Forges,+48462513143
691,66684985411,Stacey Fox,Pomerelia,New Vanessa,83544,69258 Clark Mountain,+48968623946
692,36335672835,Jill Mccoy,Silesia,North Brent,11147,301 Love Lakes,+48136569693
693,53882196622,Audrey Williamson,Pomerelia,Osborneland,25152,51710 Brian Vista Suite 401,+48739798435
694,44463997192,Scott Stout,Pomerelia,East Edwardton,29982,275 Matthews Locks Apt. 553,+48751239784
695,79135182378,Derrick Crawford,Podlasie,Nataliestad,96450,9724 David Crossroad Apt. 668,+48798424422
696,82844647663,Melanie Parker,Kuyavia,Jaybury,53914,4466 Patrick Drives,+48445428676
697,73667541824,Christopher Chambers,Pomerelia,Maldonadohaven,99725,0695 Jennifer Plaza Suite 022,+48323231724
698,78291848141,Thomas Oneal,Masovia,Littletown,22753,74809 Smith Meadow Suite 355,+48338484364
699,53438386964,Eric Lynch MD,Pemrania,East Cole,98056,757 Morris Freeway,+48265522989
700,18953635828,Mary Wheeler,Podlasie,Anthonyland,75855,4867 Jenkins Crest Apt. 394,+48264896384
701,38849454748,Eric Adams,Masovia,Thomasbury,83236,6006 Kimberly Greens,+48892467971
702,89938966124,Miss Paige Hanson,Pemrania,Jacquelineland,18696,450 Nicole Island Apt. 545,+48424462461
703,56831179854,Regina Boyd,Kuyavia,Ramirezmouth,73333,998 Lester Center Apt. 163,+48349829154
704,63542168276,Brandy Schmidt,Masovia,South Christine,37967,794 Keller Hollow Apt. 237,+48173343799
705,63765862894,Benjamin Ortiz,Kuyavia,East Debbie,59576,94635 Keller Fall,+48157389226
706,88164357463,John Williams,Masovia,West Nicole,22103,1214 Patricia Cliffs,+48973962174
707,26399417382,Robert Harris,Podlasie,West Robert,24348,9667 Peter Roads Suite 119,+48778777624
708,29285838282,Ashley Shepherd,Pemrania,Francisside,31031,78310 Simmons Course Suite 619,+48212288465
709,98315343221,Rebecca Morris,Masovia,Port Kimberly,77600,21538 Nicole Manor,+48239923488
710,75816676622,Jennifer Myers,Kuyavia,Lisabury,56950,7575 Perkins Freeway,+48885817568
711,38411444879,Shawn Williams,Pemrania,East Chloe,16328,3159 Luke Meadow Suite 795,+48787276529
712,54754565175,Summer Brown,Pemrania,Lake Heatherstad,20822,17645 Jeffrey Wall,+48495414368
713,18786157952,Shannon Rivera,Pemrania,North Davidfurt,95918,39511 Joshua Lights Suite 843,+48513234553
714,18611888278,Joseph White,Silesia,West Jacqueline,73143,1485 Atkinson Mews Apt. 684,+48919331157
715,53137561655,David Thompson Jr.,Pemrania,South Tonybury,64060,44275 Hill Valley,+48685163691
716,37884845471,Jon Harmon,Pemrania,South Kristaville,42909,80876 Craig Spring,+48953514135
717,29742924645,Lynn Miller,Masovia,Gloverborough,01685,49879 Davidson Stream Suite 451,+48415674744
718,83252299111,Monica Mitchell,Kuyavia,Michaelborough,21063,9262 Martinez Trafficway,+48331518937
719,63585759514,Mary Vargas,Podlasie,Taylorside,57556,180 Keith Gardens,+48476687877
720,86158257261,Deborah Hinton,Podlasie,West Dana,72038,93992 Hood Coves,+48249241495
721,11948492921,Robert Lara,Pemrania,Wilsonberg,88197,91007 Lynch Mill,+48213919775
722,19461692355,Renee Reynolds MD,Pomerelia,Mauricefort,79899,409 Rebecca Burg,+48578187141
723,33754596293,Matthew White,Kuyavia,Lauriehaven,41959,41634 Karen Plain Suite 598,+48229267271
724,32369282819,David Phillips Jr.,Pomerelia,Port Lisa,62286,4572 Robert Ford Apt. 523,+48656468911
725,44248192331,Kathryn Burgess,Silesia,Mitchellhaven,79675,51439 Hayes Loaf Suite 871,+48181394987
726,18894454217,Robin Bowman,Pomerelia,West Sarahburgh,21034,84535 William Knolls,+48976139299
727,83816133966,Jonathan Mcdaniel,Pemrania,Chambersstad,11569,22547 Linda Shores,+48315179432
728,46833521426,Gary Wiggins,Masovia,East Richardmouth,69203,73163 Long Port,+48598461878
729,95934666137,Barry Garcia,Silesia,South Rachael,64521,917 Webb Mount Apt. 509,+48466519833
730,14229887879,James Harris,Podlasie,Willisport,43858,11203 Robinson Radial Apt. 763,+48321444714
731,53831494635,Jimmy Combs,Podlasie,Richardsonside,47662,1179 Oconnor Neck,+48864935412
732,11133445688,Bobby Fisher,Podlasie,Andreaburgh,11460,38699 Shannon Stream,+48979674818
733,89164372494,Mr. Walter Matthews,Pomerelia,Brewerstad,62968,7539 Traci Ports,+48797249294
734,52544729387,Tom Baxter,Silesia,North Melissamouth,41183,98694 Robin Point Apt. 154,+48451445684
735,87555572775,Eric Taylor,Silesia,Smithfort,95584,4221 Chad Skyway,+48381543952
736,87444776991,Isabel Taylor,Pemrania,Lake Marychester,11858,625 Hill Squares,+48228325315
737,52289113582,Heather Jones,Podlasie,New Jasonfort,72923,99773 David Harbors Suite 614,+48414749275
738,39662544135,Danielle Stone,Podlasie,Lake Carl,77594,33918 Barrett Hills Apt. 826,+48619864587
739,26663636984,Sandy Anderson,Pemrania,Cookbury,82807,4429 Justin Streets Apt. 277,+48138425411
740,73693183351,Jason Mckenzie,Pomerelia,New Angela,18408,6837 Turner Shoal Suite 954,+48646634751
741,55643316871,Derek Lopez,Podlasie,Crystalbury,50798,27889 Duke Ports,+48658464598
742,82582444877,Monica Rice,Kuyavia,East Gregory,68748,26018 Harris Park,+48983311818
743,64587191695,Hayley Swanson,Pemrania,South David,68068,9614 Johnson Prairie,+48657687326
744,21486834296,Denise Campbell,Kuyavia,North Shannon,41258,06338 Peter Locks Apt. 280,+48689673555
745,94192219919,Michael Buckley,Masovia,New Chelsey,61367,918 Brooke Bypass Suite 906,+48453975142
746,33958359493,Robert Tate,Podlasie,Vasquezmouth,58650,750 Sampson Estates,+48387994367
747,94935399538,Mary Fischer,Pemrania,South Susanmouth,98358,259 Jeffrey Fields,+48612861631
748,19281183976,Megan Schmidt,Podlasie,Knapphaven,53671,0683 David Falls Suite 195,+48589727534
749,22482221673,James Shaw,Podlasie,South Justinmouth,51344,9772 Steele Plains Suite 524,+48839454964
750,44667842998,Laura Steele,Masovia,East Kara,37113,655 Lee Mountains,+48466478628
751,51782219874,Renee Brown,Silesia,Lake Morgan,52285,4818 Miller Keys Apt. 907,+48474962551
752,29146593239,Edward Walter,Pomerelia,South Johnny,95313,80174 Lawrence Neck,+48139514584
753,87352361847,Angelica Short,Kuyavia,West Lori,82446,02213 Fox Run,+48821926399
754,61458625467,James Rivera,Kuyavia,Port Gary,75739,905 Stephen Gateway,+48938285739
755,31883598623,Alicia Bailey,Kuyavia,Bellview,04666,3025 Christopher Flat,+48912315279
756,25612551831,Derek Klein,Pemrania,East Raymond,72912,2194 Kristy Estate,+48579234143
757,27633964418,Erik Dixon,Pemrania,Floresstad,90448,57479 Rodriguez Flats Suite 953,+48919164477
758,93356431978,Michael Hess,Silesia,North Scottland,87078,361 Clarke Isle,+48277167831
759,38641258457,Sherry Reilly,Podlasie,Lake Elizabethton,73895,35442 Rice Lodge,+48594134262
760,29187259628,Karen Paul,Kuyavia,Lake Lori,87236,2536 Baldwin Views,+48735576132
761,71367325642,Kayla Walker,Silesia,Davidside,48555,65406 Miranda Ports,+48977389568
762,14351559293,Elizabeth Barker,Kuyavia,Jacksonhaven,53290,594 Amanda Forks Suite 125,+48825863572
763,35534487491,Devon Williams,Masovia,Maryborough,33668,712 Gregory Squares Suite 437,+48424164354
764,63112453771,Heather Padilla,Podlasie,New Travis,17241,44439 Troy Skyway Suite 423,+48536734376
765,11397238535,Shelby Morgan,Masovia,Anthonyland,12027,95351 Robertson Dale Suite 737,+48847861533
766,27218296295,Vincent Lopez,Masovia,New Allen,15655,332 William Ford,+48969272512
767,15687228177,Alexis Gonzalez,Pemrania,Brentside,46282,3751 Kathleen Cliffs,+48785164827
768,68521883571,Jennifer Warren,Silesia,Lake Valerie,73397,280 Conner Drive,+48372529613
769,57841789612,Steven Green,Pomerelia,Perrystad,24261,70219 Maddox Coves Suite 766,+48897153874
770,53267128653,Jacqueline Jackson,Kuyavia,New Alishastad,57296,51632 Ingram Pass,+48878786678
771,18124735883,David Davis,Kuyavia,Leeville,68936,00958 Hayden Fort,+48643234846
772,65678254966,Brian Shields,Masovia,Stephenschester,37379,54044 Christopher Square Apt. 024,+48437981431
773,65564941464,Theresa Moore,Pomerelia,Port Ray,80228,54469 Scott Knoll,+48425841348
774,85123563888,Jessica Alvarez,Podlasie,Clarkville,11111,200 Rivera Mount,+48628355699
775,86211751336,Dana Ferguson,Pemrania,West Drew,47761,8684 Mccoy Place,+48763465818
776,69158862943,Mr. Michael Pratt,Pemrania,Carrollstad,67481,8369 Watts Squares Suite 338,+48332462212
777,16432573867,Lance Carpenter,Pomerelia,North Kathleenchester,16753,9137 Angela Ports,+48767992149
778,58838299182,Joseph Sandoval,Masovia,Port Gregoryton,42102,46932 Bradley Keys Apt. 338,+48917538329
779,89229957529,Jose Reynolds,Silesia,Lake Christopher,82560,71414 Gonzalez Village,+48437732444
780,26395412668,Julie White,Podlasie,Espinozafort,97543,797 Bray Freeway,+48173189645
781,29493777378,Amanda Stuart,Kuyavia,Kevinstad,18380,78805 Kidd Curve Apt. 373,+48475799885
782,32636863571,Ashley Brown,Silesia,East Christopher,47802,625 Romero Heights,+48696338868
783,28752798263,Anthony Mays,Silesia,Lewischester,73912,631 Rachel Coves,+48424462326
784,76452784257,Kathryn Henderson,Pemrania,West Edward,19388,724 Martin Oval Suite 837,+48486732912
785,94959115628,Patrick Fischer,Podlasie,North Kirk,40284,428 Dixon Crossing Suite 017,+48545211278
786,45333359229,Mary Smith,Pomerelia,South Briannachester,06020,82860 Cox Ridges Apt. 731,+48438343527
787,23783595747,Hector Fisher,Pemrania,Sandramouth,21394,906 Larson Ways,+48153741256
788,98518854642,Robert Caldwell,Masovia,Tanyaborough,43946,087 Singh Fields Apt. 833,+48833736447
789,96474434263,Michael Harmon,Pemrania,Mckeeshire,74884,825 Chambers Vista,+48271855998
790,15784279852,Christopher Wood,Podlasie,South Reginaland,81641,48585 Wilkins Station Apt. 351,+48681592982
791,47546563877,Michael Stewart,Podlasie,East Hectormouth,42572,58066 Colleen Gateway Apt. 073,+48742221882
792,64982719976,Daniel Tate,Masovia,East Sharonburgh,84313,13745 Scott Summit Apt. 273,+48698739921
793,79959873237,Leah Zhang,Pomerelia,Edwardberg,07621,14982 Stephen Mountain Apt. 382,+48675344428
794,56146678816,Anthony Taylor,Masovia,Sarahstad,62201,28650 Vincent Turnpike,+48417262537
795,61394688268,Victoria Thomas,Pemrania,New Tracy,30031,3258 Nancy Coves,+48856422491
796,75452621546,Ashley Cummings,Pemrania,Shieldsville,84869,175 Gregory Loaf,+48244876965
797,54958445422,Benjamin White,Pemrania,Port Regina,57165,933 Zachary Glen,+48825379658
798,88496876952,Lisa Rowe,Silesia,South Kelly,10146,64991 Simpson River Suite 200,+48727645797
799,23976159361,Raymond Ortiz,Masovia,Alexandramouth,26972,783 Gregory Field,+48672462252
800,93938693657,Erin Brown,Pemrania,Port Rhonda,18465,7477 Evans Pine Suite 977,+48579246982
801,51891538384,Linda Reyes,Silesia,New Ashleyburgh,84591,2613 Coleman Pass,+48325932285
802,16992426812,Amy Jones,Podlasie,Lake Rhonda,14028,9958 Campbell Ville Suite 454,+48348165491
803,88318817988,Robert Lamb,Pemrania,Duranbury,80451,774 Farley Curve,+48188896696
804,35273681658,Misty Brown,Kuyavia,Allenview,31532,1950 Monique Groves,+48392654569
805,43184878283,Kevin Hurst,Pemrania,Laurenfort,65744,6653 Torres Knoll Apt. 368,+48628773974
806,99843624977,Jennifer Collins,Silesia,Carlmouth,49690,41884 Singleton Glens Suite 048,+48485671833
807,77621519242,Daniel Barnes,Kuyavia,Chelsealand,22476,8483 Wallace Falls,+48523365313
808,46934265232,Kaylee Rodriguez,Podlasie,Port Annabury,39232,43559 Valdez Walks Apt. 517,+48343967888
809,63722764656,Sean Ortiz,Podlasie,Nicolehaven,68230,524 Mays Mission,+48246785259
810,29522615932,Kristi Hall,Silesia,Port Thomasberg,53953,255 Rachel Corners,+48121914752
811,75792328942,David Hernandez,Podlasie,Port Wanda,13553,2613 Russo Courts,+48556332547
812,73444549512,Allison Harrison,Kuyavia,Gallagherchester,95264,601 Blair Point Suite 134,+48999214522
813,31187624752,Sarah Johnson,Pemrania,Blackshire,25366,143 Johnson Walk,+48677364367
814,47829594148,Aaron Harrell,Silesia,Stacyton,47574,466 Foster Cape,+48835272627
815,14112852359,Jeffrey Robertson,Pomerelia,East Michaelton,68850,04481 Melanie Park Suite 386,+48172877382
816,79966437475,Kathy Rivera,Pemrania,Taylortown,77207,525 Laurie Plaza,+48899234986
817,93277575475,Amber Rose,Pemrania,Port Danielleville,62371,3535 Jeffrey Keys,+48363216194
818,43851955345,Joshua Chapman,Podlasie,South Samuel,24382,8209 Tracy Garden,+48729947295
819,48231746174,Jacqueline Mcbride,Masovia,Port Valerie,11269,456 Contreras Valleys Suite 216,+48386338774
820,56456787653,Jeremy Weber,Silesia,Petersenchester,27237,6264 King Isle Suite 715,+48261244634
821,63621426311,April Duarte,Silesia,Christophershire,79229,63709 Larsen Rest,+48363792454
822,17578836562,Jeffrey Roth,Pomerelia,New Laura,63455,806 Jones Wells,+48251582133
823,24175231125,Jessica Allison,Pemrania,Wilsonshire,51561,839 Joseph Mount,+48148886762
824,15663829618,Heather Hudson,Masovia,Lake William,68862,968 Stone Island Apt. 770,+48575937187
825,84998311879,Martha Nelson,Silesia,East Benjaminmouth,47425,3342 Austin Neck,+48854981284
826,61236691934,Emily Diaz,Pomerelia,East Stephen,91551,10586 Hernandez Glen Apt. 031,+48596144962
827,86274251481,Ruben Lopez,Masovia,Jerryville,77787,16701 Cassandra Parkway,+48918957121
828,46424511561,Alexa Russell,Silesia,Port Patricia,83300,484 Jacqueline Ville,+48883713816
829,26878184979,Devin Sanchez,Masovia,Martinside,90806,7507 Kemp Mews,+48669919618
830,11534362326,Jose Garcia,Podlasie,Rodriguezfort,78193,791 Jacobs Lodge,+48366152765
831,17934681999,Tonya Mckinney,Pomerelia,Michellestad,36455,8811 Michael Avenue,+48251822895
832,38765938432,Linda Price,Silesia,Tammyton,44777,273 Lynch Meadow Suite 623,+48458737356
833,52354549628,Debra Crosby,Pemrania,West Michael,41873,782 Harmon Viaduct,+48362722351
834,76893485445,Victoria Rivers,Kuyavia,East Samanthabury,70047,455 Rollins Throughway Apt. 384,+48177911986
835,75545719616,Miranda Lynn,Kuyavia,Sherrichester,94767,528 Nielsen Circles,+48733786197
836,85225433946,John Johnson,Kuyavia,West Donaldstad,60057,080 Michelle Via Suite 414,+48973122617
837,45619748298,Benjamin Anderson,Kuyavia,Davidburgh,16852,50405 Wolfe Mountain Apt. 923,+48469145573
838,76647491167,Dr. Hunter Mills MD,Pemrania,Mikaylatown,19064,82474 Wilson Loop Apt. 027,+48919851544
839,97221333859,Jonathan Bradley,Kuyavia,Davidstad,86758,22217 Johnny Shoals,+48879497154
840,15252882627,Sandra Golden,Podlasie,Meganville,83270,20650 Richardson Skyway,+48765821381
841,43117351396,Rachel Cox,Pemrania,Lake Anna,17812,082 Francis Trail,+48755623296
842,43762329486,Darren Wilkinson,Masovia,Lake James,09678,134 Jennifer Loaf Apt. 398,+48873474165
843,94378945618,Paula Myers,Pemrania,Zacharyhaven,81839,183 Moore Walk,+48587764663
844,61961232987,James Little,Pomerelia,Port Danielport,26135,05078 Lawrence Course,+48839758186
845,93126361377,Carolyn Gomez,Silesia,North Robert,96455,2915 Monica Road Apt. 978,+48573868699
846,81248631931,Stephen Chen,Silesia,Jamesbury,60954,3841 Smith Shoals,+48439677298
847,96923429941,Brandon Thomas,Pomerelia,East David,79726,0984 Christina Forest Suite 813,+48981769412
848,46872182798,Russell Johnson,Masovia,East Michaelside,02284,57243 Bell Shoal,+48186515858
849,82948263179,Rebecca Bell,Pomerelia,Lake Karen,36857,091 Ethan Crescent,+48377939381
850,73513218753,Lindsey Moore,Pemrania,Port Christopherborough,35375,610 Judy Cape,+48286957518
851,81482793391,Monica Mays,Pomerelia,Stephaniefurt,87599,5805 Woods Alley,+48532923258
852,14554241473,Antonio Roberts,Silesia,Tanyaside,28938,814 Graves Forest Suite 037,+48528329161
853,31773416353,Alex Bryant,Silesia,Tinaport,20743,566 Mason Mall,+48499342936
854,98387759377,Annette White,Pemrania,Johnsonchester,63193,41256 Olson Dam,+48584313845
855,45598994672,Sean Bradley,Pomerelia,Lake Douglasburgh,56491,702 Stewart Corners Apt. 758,+48279282529
856,79619692287,Micheal Rice,Masovia,Nicholasshire,89803,0553 Wiley Gateway,+48137889273
857,97644417892,Samuel Marshall,Silesia,Lake Chadberg,24991,4300 Mcgee Ford,+48379628541
858,47398121135,James Schultz,Pomerelia,Whiteburgh,56841,845 Anderson Mews,+48969754652
859,83611966277,Joyce Berry,Masovia,New Ethanview,76734,6321 House Loop Apt. 279,+48556137338
860,76922679577,Daniel Fuller,Podlasie,Paulland,21980,640 Brown River,+48712843446
861,84514586975,James Martin DDS,Pemrania,North Jeanetteland,05877,3682 Berg Manor Apt. 939,+48474289272
862,59585358996,Thomas Valdez,Podlasie,North Dwayne,47768,54001 Rich Rapids,+48912745143
863,18618556559,Anthony Scott,Pomerelia,North Katiehaven,81862,81707 Romero Fall,+48817878739
864,77966934969,Monica Meadows,Silesia,Lake Julie,07968,54942 Hancock Curve,+48925343184
865,78355917516,Mary Ho,Kuyavia,Kennedyhaven,34124,60529 Martha Squares,+48559678411
866,15243144495,Stephen Cline,Podlasie,South Ericstad,69643,56881 Lyons Camp,+48854421253
867,55218677359,Stephanie Kelly,Silesia,Lake Anna,71298,140 Charles Track Apt. 693,+48272219642
868,66771446845,Christine Snyder,Podlasie,Lauratown,35759,68552 Cruz Glen,+48287677849
869,42828339745,Bradley King,Pomerelia,Lake Aaronborough,90892,96956 Sharon Square Apt. 663,+48616134959
870,13129823242,Jesse Johnson,Pemrania,Bradleychester,09839,419 Moon Harbor Suite 038,+48154658991
871,34139292162,William Edwards,Kuyavia,Brookeland,15781,44221 Jacobson Knolls Apt. 876,+48237553889
872,96845821566,Dr. Amanda Greene,Pomerelia,Smithstad,61638,96612 Brown Ports,+48783233448
873,25938164293,Kathy Knox,Podlasie,New Michaelville,58964,829 Jackson Well Suite 323,+48859256373
874,15218179424,Troy Lewis,Podlasie,Lake Thomasshire,65285,109 Brandy Camp Suite 312,+48456358937
875,13273475616,Tara Padilla,Pomerelia,New Grant,90924,258 Santiago Lodge Apt. 684,+48812455733
876,67966124839,Robert Black,Pomerelia,Port Bryanview,77690,325 Cody Orchard Apt. 205,+48735977163
877,94734298446,Arthur Zimmerman,Podlasie,Franciscoshire,45754,414 Janet Alley Suite 056,+48383874961
878,88395963794,Courtney Williams,Pomerelia,South Brianberg,16503,82645 Perkins Square,+48315719622
879,62472983559,Charles Hunter,Silesia,Kellytown,44618,0729 Timothy Track Suite 284,+48756651367
880,96238428773,Jennifer Long,Podlasie,Edwardshaven,32264,3479 Tara Course,+48933675199
881,63496334277,Justin Coleman,Kuyavia,New Vickie,63231,6974 Karen Forks Apt. 052,+48856966483
882,78611888338,Michelle Cooper,Kuyavia,New Donald,25763,29629 Carla Underpass Suite 352,+48716659953
883,65996238118,Matthew Williams,Podlasie,East Davidstad,76436,08823 Hanson Club,+48686935156
884,98152527127,Jeffrey Matthews,Kuyavia,Jacobburgh,31280,38456 Miller Shore Apt. 338,+48724429534
885,92451316611,Jackson Cook,Silesia,Fordshire,50776,742 Smith Forge Suite 596,+48292884874
886,17814377695,Jennifer Miller,Pemrania,Emilyfurt,08995,1133 Travis Summit,+48772445863
887,64558735433,Sandra Smith,Masovia,Santosville,31765,1929 Murphy Village Apt. 530,+48855455131
888,91676443287,Patricia Freeman,Pemrania,Lake Dawnborough,51096,4495 Bennett Court Apt. 340,+48986188887
889,14194274881,Jason Ortega,Pomerelia,Jameschester,94985,65062 Spencer Tunnel,+48612871154
890,13739122364,Ruth Coleman,Silesia,Smithberg,46468,88581 Padilla Plains Suite 317,+48391312596
891,42645475768,Frances Wilson,Kuyavia,New Bryanbury,69481,06476 Sherry Viaduct,+48519827661
892,91395938556,Robert Jones,Pemrania,Atkinsonland,19286,54391 Michael Glen Suite 990,+48381594944
893,54147816716,Joshua Jimenez,Pomerelia,Jessicastad,97663,6505 Tracy Greens Suite 647,+48752836123
894,12349228931,Joanna Davis,Kuyavia,Smithville,76001,32786 Murray Causeway,+48349722321
895,19417853479,Jeffrey Clark,Masovia,North Justintown,99643,640 Ashley Walks Apt. 031,+48473921847
896,68811528648,Alan Jackson,Pomerelia,Maryville,18074,5066 Calderon Loaf,+48628993215
897,79714725527,Zachary Chandler,Podlasie,Dudleyburgh,99946,790 Morrison Walk Suite 864,+48883776653
898,53465971256,Scott White,Kuyavia,South Alexander,18089,7298 Dean Squares Suite 133,+48372443225
899,27125798958,Michael Carpenter,Silesia,East Maryton,89575,63581 Mccann Pines,+48522539994
900,42551425631,William Clark,Podlasie,Braunland,39230,99622 Jose Trail,+48735967973
901,76134113346,Jessica Wheeler,Podlasie,Lyonsburgh,11742,7250 Alexis Rapid Apt. 835,+48668179443
902,21889588574,Linda Rojas,Kuyavia,East Scottborough,98087,945 Susan Knolls,+48728278427
903,45182658173,Sherry Page,Pomerelia,Nunezside,22564,8708 Sherman Square Apt. 434,+48917783187
904,53837255333,Mrs. Michelle Werner,Silesia,North Emilyfurt,14196,926 Lauren Glens,+48371413749
905,39731592116,James Nelson,Pomerelia,North Christina,45388,6962 Gregory Passage Suite 529,+48551943945
906,62326574666,Gregory Kane,Pemrania,Lake Ray,83380,484 Guzman Route,+48664323766
907,76361945748,James Sutton,Kuyavia,Robertland,64187,2767 Andrew Brooks Suite 591,+48114911163
908,36411653924,Michele Cardenas,Podlasie,East Markburgh,84615,856 Gutierrez Heights,+48383333866
909,69125618423,Brenda Willis,Pomerelia,West Erikberg,14848,0477 Erin Cape,+48215853647
910,66338996829,Raymond Brown,Silesia,Davidville,48755,44539 Berry Ranch Suite 698,+48837828111
911,91343171862,Laura Cooper,Silesia,Geraldton,61755,183 Williams Harbor,+48921653178
912,64564534751,Sara Le,Pemrania,Davidbury,22152,95899 Gillespie Turnpike,+48372455841
913,62333847991,Jessica Schmidt,Pemrania,East Paul,81582,163 Luis Plains Apt. 635,+48414515434
914,78674461415,Brianna Raymond,Silesia,East Steven,37781,4714 Coleman Village,+48594156369
915,64741997784,Alison Simmons,Pemrania,Lake Melissamouth,50302,213 Jamie Islands,+48146134825
916,57493573459,Elizabeth Obrien,Masovia,Payneshire,20516,6778 Steven Lodge Suite 702,+48736529781
917,79934111878,Joseph Zimmerman,Pemrania,Port Williamchester,14916,02716 Steven Unions Suite 844,+48468278231
918,29498857234,Alexandra Mora,Podlasie,Adrianafurt,05089,25606 Norma Greens,+48256342918
919,69572262621,Amanda Parrish,Kuyavia,Hayesburgh,51014,0169 James Hollow,+48827417448
920,77392219144,Anna White,Masovia,Thomasberg,73517,654 Cassie Manor Apt. 837,+48318967851
921,93111628679,Brian Rivera,Pemrania,Lake Josephmouth,61676,27711 Saunders Heights Suite 681,+48773613188
922,48155549753,Scott Ferrell,Pomerelia,Nguyenview,72284,6377 Christine Plains,+48121842856
923,48381416894,Ian Maddox,Kuyavia,Snyderstad,65114,13252 Carol Trafficway,+48622658155
924,41466716335,Harold Salinas,Masovia,South Natasha,30724,09750 Maldonado Neck,+48425764863
925,81675335291,Troy Reynolds,Pomerelia,East Nathaniel,10744,790 Shepard Isle Apt. 340,+48442851395
926,62426987529,Helen Ali,Kuyavia,Port Janetchester,93094,3609 Berry Course Suite 372,+48337142384
927,74465643957,Connie Scott,Masovia,East Austintown,74446,4571 Donovan Point,+48856854834
928,47198546132,Paul Hensley,Podlasie,Rosshaven,02228,800 Michele Mission,+48119627868
929,37585316957,Seth Chandler DDS,Silesia,Cantufort,48522,417 John Crossing Apt. 450,+48988914321
930,97938368636,Jasmin Flores,Kuyavia,Lake Audreyport,13649,4858 Amy Well Suite 573,+48273167337
931,31815531362,Denise Smith,Silesia,Brownchester,54676,196 Harrell Islands,+48722636346
932,38466299279,Jeffrey Huffman,Podlasie,East Anthony,84130,798 Antonio Points Apt. 958,+48866587969
933,85479871176,Mrs. Sandra Wang,Pomerelia,North Christopherside,39073,2288 Williams Crossing Suite 785,+48954421176
934,28839876289,Nathaniel Jones,Pomerelia,Robertbury,04446,56522 Michael Crossing,+48867965542
935,54189921732,Randy Moore,Pemrania,Hicksview,87886,15349 Rios Viaduct Suite 632,+48213325988
936,53231349514,Eric Burns,Masovia,Bergerhaven,86397,5592 Smith Radial Suite 393,+48467768265
937,23815289622,Michael Waller,Podlasie,Burnettside,72078,097 Todd Drive Apt. 317,+48981911134
938,53698641585,Anna Alvarado,Podlasie,West Stacy,08368,667 Scott Light Suite 093,+48698755532
939,71251528529,Sarah Wells,Kuyavia,East Victoriatown,51439,0384 Allen Branch,+48189982427
940,47643675598,David Hendricks,Podlasie,North Brian,35911,033 Brent Mountains,+48563286542
941,18948157961,Lisa Winters,Silesia,Jamesview,61698,58408 Jennifer Hills,+48126438352
942,88171323435,Shannon Garcia,Kuyavia,Howellview,31508,819 Delgado Canyon,+48592932845
943,98314655625,Chad Cabrera,Podlasie,West Petermouth,03366,8196 Smith Forges Suite 273,+48348321778
944,81224629743,James Bailey,Pemrania,West Pamela,78680,272 Taylor Flat,+48134755399
945,46465959168,Luke Robertson,Pemrania,Port Peter,88020,93982 Angela Burg Suite 930,+48153947253
946,61897419437,Joseph Davis,Pemrania,Duncanburgh,14316,75693 Erik Plaza,+48819955678
947,88627812235,Tyler Miller,Podlasie,New Jameshaven,52752,2787 Thomas Drive,+48857646544
948,21698465875,Angela Skinner MD,Pemrania,Danielleshire,11337,4401 Harold Course Apt. 809,+48873857912
949,17198322658,Karen Russell,Podlasie,West Cynthiafort,76725,8793 Watts Rapid Suite 492,+48598678857
950,27999163565,Brenda Patton,Podlasie,West Laurafurt,14962,920 Kelly Forks Suite 990,+48673282615
951,65929735793,Brian Evans,Silesia,Dillontown,59813,677 Shelton Camp Apt. 031,+48681217545
952,19552474372,Matthew Jones,Kuyavia,Michaelland,20228,97663 Justin Stream,+48121554223
953,34127824381,Rachel Tanner,Silesia,Smithton,47744,7838 Sara Fort Apt. 536,+48365117455
954,42115438834,Emily Pearson,Kuyavia,Port Bobby,54737,1035 Kristi Camp,+48697934272
955,66961522983,Robert Webb,Pemrania,Carolynfort,43638,24651 Larson Locks Suite 007,+48635779829
956,68589997816,Cody Martinez,Pemrania,Davidfurt,63737,085 Mary Hollow Apt. 877,+48276124959
957,83769869875,Paula Ramirez,Masovia,South Catherineburgh,25391,525 Peck Falls,+48563129846
958,36173241385,Ernest Morgan,Podlasie,West Elizabethhaven,52924,197 Jason Lake Suite 278,+48898672912
959,34234654248,Amber James,Pomerelia,East Jenniferport,05114,904 Ryan Crescent,+48576494926
960,45937424278,Antonio Smith,Masovia,Walshbury,68048,05899 Palmer Union Apt. 414,+48916118847
961,38377147812,Wesley Floyd,Masovia,Michelefurt,83717,91445 Lisa Drive Apt. 956,+48162884174
962,87381988215,Alexandra Jenkins,Silesia,Lake Nicholasview,42178,33277 Amy Park Apt. 857,+48567561184
963,32131543726,Molly Miller,Pemrania,North Deborah,38340,538 Ellis Cliffs,+48739498116
964,49974798632,Traci Hood,Pomerelia,Hendersonfurt,98480,599 Bowers Station Suite 705,+48721292974
965,43446781949,Sherry Johnson,Silesia,Markmouth,29525,56346 Matthew Crossing,+48295451761
966,59726764586,Anthony Bennett,Kuyavia,New Patrick,90120,06958 Jeanette Square Suite 959,+48751582922
967,77643651248,Sarah Joseph,Masovia,Lisahaven,17371,514 Spears Manors,+48765513913
968,41617756182,Ryan White,Masovia,Cassandraville,17735,350 Nancy Viaduct,+48674751871
969,34625449263,Jesus Hill,Pomerelia,Mathisfort,22870,4198 Benjamin Keys Apt. 039,+48368824149
970,75598784985,Robert James,Pomerelia,Lake Bobby,82049,36687 Amber Hollow Suite 385,+48226156991
971,97177794853,Thomas Webb,Masovia,South Billy,70241,333 Gray Streets Suite 004,+48474826223
972,72824113761,Wanda Brown,Podlasie,Virginiashire,17110,122 Chung Path,+48566328773
973,31728215364,Gwendolyn Austin,Podlasie,North Travis,74597,0387 Kimberly Squares,+48292273516
974,67928889899,Elizabeth Sellers,Silesia,Johnsonchester,88871,58927 Shirley Port Apt. 273,+48983234436
975,58634363338,Cindy Bryan,Silesia,East Stephanieshire,42719,79583 Cory Trafficway Apt. 706,+48299987567
976,89318779791,Heather Richard,Pemrania,Zoestad,12839,642 Edward Inlet,+48971931829
977,29688282571,Paul Cameron,Pomerelia,Ericview,84868,2188 Lance Summit,+48253719184
978,54694681272,Nicole Watkins,Pomerelia,Ballardport,46159,1942 Guzman Green Apt. 026,+48831572496
979,83959484381,David Mccormick,Pomerelia,Gomezmouth,90032,95096 Caleb Ferry Suite 006,+48229878293
980,83715877421,Erik Hall,Podlasie,East Aaronton,97880,6905 Bradford Lodge Suite 201,+48699726959
981,11931321969,Jordan Hall,Pemrania,Leeburgh,20244,98209 Simpson Inlet Apt. 203,+48963898498
982,94256559312,Danielle Murray,Silesia,Lake Nancy,37395,1213 James Trail Suite 956,+48559562718
983,77244523488,Donald Swanson,Kuyavia,Thomasfort,85613,72746 Frost Points Suite 459,+48336769718
984,65939744364,Natasha Smith,Kuyavia,Angelachester,68960,607 Sanders Cape Apt. 575,+48762888441
985,91849613762,Mark Simmons,Pomerelia,East Denise,61578,0973 Parsons Creek,+48728942744
986,59914841547,Manuel Williams,Masovia,Johnburgh,01274,4357 Aaron Highway Apt. 399,+48722768881
987,36463134422,Kelly Garcia,Podlasie,North Dwayne,55925,86773 Brown Knolls Apt. 725,+48569275856
988,53599376861,Manuel Stanley,Kuyavia,Kelseyfurt,11892,768 Weaver Walk,+48118879924
989,41359485444,Taylor Lang,Pemrania,East Susan,04990,14304 Matthew Tunnel Apt. 646,+48959161826
990,87917739752,David Fox,Kuyavia,Martinstad,80477,0448 Obrien Cliffs Apt. 799,+48376254832
991,81895154972,Dr. Monica White MD,Kuyavia,North Jasonville,62607,8246 Johnson Court,+48972951137
992,35237251575,Edward Perez,Masovia,North Andrew,91498,2642 Parker Isle Apt. 177,+48721566555
993,33733941216,Bryan Beltran,Pomerelia,Riveramouth,64722,7413 Daniel Ranch,+48579881477
994,42959469475,Sarah Green,Masovia,Port Josephton,71569,0946 Smith Stravenue Suite 996,+48517534659
995,49782121993,Natasha Medina DDS,Silesia,Batesside,06842,682 Phillip Harbor Apt. 700,+48382632446
996,29815833569,Joseph Hernandez,Podlasie,Jonathanfort,97771,61849 Bray Lights,+48645245291
997,33829953569,Brianna Williams,Podlasie,West Marieport,18970,2054 Graham Causeway,+48527972678
998,61174779547,Jasmine Hall,Podlasie,Lewisville,11768,22117 Carroll Valleys Apt. 197,+48287755837
999,48455298379,Elizabeth Hardy,Pemrania,East Heatherland,05897,96172 Robert Spring Apt. 207,+48366785874
