cli_id,cli_PESEL,cli_name,cli_region,cli_city,cli_postal_code,cli_street,cli_contact_number
1500,81119158849,Garrett Gonzalez,Podlasie,North Bonnie,06759,49178 Williams Port Suite 603,+48854822672
1501,57471175661,Mark Wood,Podlasie,Alvarezview,31703,3699 Angela Ports Suite 829,+48574191858
1502,85812966256,Anthony Patel,Pemrania,East Debbie,37175,848 Scott Courts,+48351691779
1503,45292179361,Sarah Hopkins,Pomerelia,North Blakeborough,07132,75656 Teresa Heights,+48689411213
1504,73914771768,Rose Fleming,Pemrania,Reynoldsmouth,87030,001 Chelsea Brooks Apt. 406,+48476129385
1505,38928499283,Danielle Chang,Silesia,Hannahmouth,44374,39177 Bailey Roads Suite 598,+48123732525
1506,17894147942,Rebecca Parks,Kuyavia,Nelsonview,31503,46824 William Curve,+48544152165
1507,19482382954,Brianna Blake,Pomerelia,North Kelly,93800,10901 Wagner Fall,+48893694881
1508,95867416118,Gregory Brown,Masovia,Port Ronnie,61308,40452 John Inlet,+48659128465
1509,41472285814,Stephanie Roberts,Pomerelia,Anthonyborough,61426,1793 Cynthia Via,+48828545843
1510,28927884484,Mary Barrera,Pemrania,Bakerside,78884,01151 Tracy Groves,+48322915816
1511,62599544169,Theresa Norris,Kuyavia,Lake Bill,68101,51658 Gardner Forest,+48415868126
1512,87664886988,Amanda Knox,Kuyavia,New Tannertown,54462,600 Sanchez Ferry,+48297675528
1513,32566621783,Kirk Lowe,Pemrania,Anthonymouth,36958,8194 Jessica Oval,+48959932496
1514,49943312833,Christopher Webster,Podlasie,Brownside,75022,3063 Diana Plains Apt. 082,+48617313655
1515,38927733977,Tyler Obrien,Pemrania,Jennifertown,13279,2751 Kenneth Mission,+48751782446
1516,59773579916,Diamond Perez,Podlasie,Johnsonville,29723,78527 Davidson Freeway,+48762577579
1517,29634761229,Matthew Andrade,Silesia,Kochshire,94461,3535 Matthew Union Apt. 348,+48342122233
1518,85445991969,Alexis Jackson,Pomerelia,West Daniel,38063,6698 Lee Throughway,+48636786245
1519,58287889624,Eric Gibson,Kuyavia,Tranton,69266,40103 Jennifer Throughway Apt. 416,+48788646114
1520,84331956424,Joseph Casey,Podlasie,Port Michael,59676,8117 Deborah Fall,+48517935789
1521,22695721996,Gregory Moss,Pemrania,Armstrongstad,04114,61497 Donna Stravenue,+48319352463
1522,74917844863,Jose Serrano,Podlasie,Hernandezmouth,92231,171 May Rapids Apt. 309,+48313243486
1523,87163585793,Jacqueline Allen,Kuyavia,Wendystad,73895,188 Theodore Hills,+48728922114
1524,16734197142,Michael Lopez,Pomerelia,North Erin,93541,26105 Erica Mall Suite 567,+48848191277
1525,76817867329,Scott Stewart,Silesia,Lake Kristineborough,19142,51276 Vincent Fort Apt. 880,+48918625717
1526,57158147832,Thomas Decker,Masovia,West Jenniferland,56844,168 Paul Forest,+48814661125
1527,98437848336,John Gonzalez,Kuyavia,Summersfurt,18999,613 Jason Center,+48247936797
1528,25544542227,William Wong,Silesia,Jacobsborough,27357,60013 Wilkerson Dale Suite 545,+48747213443
1529,13317998419,Felicia Morris,Masovia,South Danielfurt,15530,836 Sharon Ferry,+48273121566
1530,93886717256,Reginald Bell,Pomerelia,Lake Andrewmouth,45274,842 Jackson View,+48482412143
1531,66688999212,Madeline Santos,Pomerelia,Amybury,77758,9900 Samantha Rest Suite 164,+48447627764
1532,43328878398,Jeanette Mcintyre,Masovia,West Brandiville,01017,07129 Amanda Ferry Suite 503,+48152494533
1533,56911211237,Shelby Simmons,Podlasie,Jenniferfort,18014,507 Jenna Burgs Suite 318,+48546411853
1534,57236229341,Jonathan Alexander,Pemrania,West Rebecca,12739,74383 Johnston Common Suite 946,+48793493861
1535,17327164876,Kristi Hart,Masovia,Lorimouth,77357,33998 Cameron Alley,+48217128788
1536,61439337826,Brent Hayes,Pomerelia,West Jonathanchester,39547,9418 Simmons Canyon Apt. 645,+48817491972
1537,28292282359,Andrea Burke,Silesia,South Joshualand,43760,319 Ayala Harbors,+48666111564
1538,44146726769,Mason Hess,Pemrania,Cisnerostown,54540,0385 Willis Vista,+48346636567
1539,59245752854,Dennis Barber,Podlasie,Ramostown,83404,707 Montgomery Walks,+48885825712
1540,31787164632,Tracey Morales,Kuyavia,East Mary,31869,540 Burnett Curve Apt. 804,+48775689314
1541,39981376986,Mrs. Maria Jensen,Pemrania,South Markville,71031,136 Christina Junction Suite 918,+48813792967
1542,58551455815,Karen Adams,Masovia,East Rebeccamouth,10395,479 Yolanda Harbors Suite 321,+48764826345
1543,47751932198,Kathryn Webb,Pemrania,Ramirezside,37206,71446 Travis Brooks,+48698219127
1544,74258311464,Jasmin Ferrell,Podlasie,Port Dianaville,89328,8716 Chandler Curve Suite 212,+48322836517
1545,35121279512,Jennifer Baldwin,Kuyavia,Kennethton,84713,2248 Armstrong Circle Apt. 822,+48782823367
1546,65516813343,Nicole Graves,Kuyavia,North Lauren,14730,14993 Mark Brooks Suite 953,+48429356438
1547,79173924136,Jessica Ali,Kuyavia,Kennethborough,75445,529 Curtis Harbor Apt. 732,+48694573757
1548,19251538261,Krystal Ramos,Kuyavia,Weaverview,22107,8862 Sanchez Turnpike,+48226978883
1549,16239948517,Kevin Hutchinson,Kuyavia,North Kathryn,43238,76262 Charles Junction Suite 366,+48553381493
1550,25437347414,Stephen Cantu,Pemrania,Sheppardmouth,99351,07502 Nelson Pines Suite 556,+48285581476
1551,77521938972,Angela Woods,Pemrania,Lake Johnmouth,16917,13749 James Course Suite 520,+48488127475
1552,66938575962,Tamara Chambers,Podlasie,Floresmouth,85796,35456 Turner Valley Suite 701,+48394362426
1553,31871913755,Harold Waters,Podlasie,Port Gina,05997,976 Heather Corners,+48598295168
1554,44295255735,Jamie Ellis,Kuyavia,North Sherry,56217,09912 Eric Plains,+48813283147
1555,26234663931,Christopher Drake,Pomerelia,North Victoria,35316,4248 Morton Groves,+48579819494
1556,52819772118,Tina Armstrong,Pomerelia,Simmonsbury,87083,641 Smith Squares,+48677849661
1557,29551857186,Angela Fitzgerald,Kuyavia,South Jessicafort,79242,5175 Ryan Fords Suite 395,+48727147951
1558,24662519866,Timothy Armstrong,Pomerelia,Hammondchester,56680,93598 Charlene Cove Suite 155,+48432944594
1559,89114298333,Kenneth Henson,Kuyavia,Markshaven,15316,3206 Crystal Stravenue,+48153467674
1560,72143411673,Paul Beasley,Podlasie,Christopherfurt,96054,8879 Bryant Plains Apt. 738,+48826137316
1561,38679379444,Jonathan Cox,Pemrania,Jamesview,63663,9953 Hunt Meadow,+48581675996
1562,84151139961,Tonya Conner,Podlasie,East Jonathanshire,15428,039 Andrew Throughway Suite 839,+48642973632
1563,21978958543,William Mack,Pomerelia,Lake Brentborough,83327,2447 Peters Spring Suite 895,+48518644978
1564,79385655427,Jean Edwards,Kuyavia,North Latoya,55171,2078 Cassandra Stravenue Suite 809,+48732771624
1565,34762237772,Darren Davidson,Masovia,Gravesside,11058,64722 Sierra Springs Suite 886,+48798779629
1566,73141213872,Cody Kelly,Podlasie,Ashleyton,72686,999 Reynolds Forest,+48289534473
1567,28414131464,David Johnson,Podlasie,East Jillbury,50320,95848 Alexis Springs,+48517447155
1568,13235765115,Valerie Nicholson,Kuyavia,Port Sabrina,97727,670 Nelson Plain,+48511786194
1569,78872147386,Alexander Huff,Silesia,New Denise,18844,79604 Nicholas Wells,+48216835146
1570,22412419183,Mr. Daniel Oneill,Podlasie,West Deborahstad,68766,553 Jason Fall,+48839864319
1571,52743875264,Emily Sutton,Masovia,Petersonport,31920,1504 Holly Ferry,+48699854233
1572,97136212852,Martin Bell,Masovia,New Gary,48740,8770 Gibson Station Suite 696,+48482656891
1573,96493822719,Shelia Orozco,Silesia,North Robin,95937,13331 Brian Bypass Apt. 507,+48435283383
1574,84466962134,Joseph Moses,Silesia,South Dianaside,26461,136 Reginald Falls,+48991982565
1575,55113993573,Lisa Barnes,Podlasie,Karenshire,79742,7896 Jeffrey Mountain Suite 394,+48342382337
1576,89928977826,Stacy Mays,Masovia,South Melaniechester,08496,0431 Walker Valley Apt. 873,+48162393719
1577,54738957722,Charles Todd,Masovia,New Jennifer,72894,590 Andersen Land,+48445761117
1578,17873863319,Anthony Cuevas,Kuyavia,Lake Jason,46005,406 Carpenter Islands Suite 661,+48584675274
1579,42293318629,John Lucero,Masovia,North Davidburgh,00517,737 Delgado Coves,+48237521633
1580,91624591398,Christian Garcia,Kuyavia,Lake Deanna,81962,8704 Katrina Branch,+48349698791
1581,79684583422,Michael Fleming,Pemrania,East Sara,48479,839 Bell Lane Apt. 628,+48996293554
1582,52614494745,Jeffrey Velasquez PhD,Masovia,Griffinchester,53400,77145 Brandon Vista Suite 397,+48881853221
1583,51979577894,Thomas Burke,Podlasie,Flynnborough,63802,6319 Marcia Islands Suite 375,+48395265698
1584,91111826328,Jessica Chase,Silesia,Lake Matthewfurt,97081,697 Monica Bridge Apt. 754,+48943279932
1585,95668512678,Angela Williams,Kuyavia,West Ashleyborough,43371,09254 Cody Light,+48532859158
1586,35146233257,Jeremy Hardy,Masovia,West Jonport,39193,9255 Pearson Road Apt. 393,+48965257936
1587,18873429533,Thomas Shannon,Podlasie,Lynchfort,43735,04839 Roberto Burg,+48886574137
1588,47593696565,Jerry Li DDS,Masovia,Garciafort,08461,83965 Hooper Club,+48999725192
1589,71494183367,Jeffrey Stokes,Kuyavia,Jonesbury,39879,301 Walker Park,+48941229859
1590,15622121524,Andrea Haley,Kuyavia,North Marissaville,62247,125 Christopher Row Suite 284,+48344363189
1591,46454899624,Christina Stuart,Pemrania,Port Charlesland,56786,8425 Johnson Crescent Suite 617,+48536888948
1592,36624374491,David Bryant,Masovia,Michaeltown,06411,875 Turner Crossroad Apt. 540,+48292927616
1593,65951162199,Tricia Richardson,Masovia,South Kimberlyfurt,20851,96412 Sara Trace,+48819328933
1594,81815232882,Duane Davis,Pemrania,North Michele,86939,4739 Bond Island Suite 762,+48569463429
1595,79367623333,Gabriel Frazier,Silesia,West Scottport,31640,031 Stewart Streets,+48284295639
1596,28234746554,Dominique Wilson,Podlasie,East Jon,54565,9422 Shepherd Forks Apt. 683,+48883798552
1597,57194739887,Jessica Newman,Podlasie,Wilsonshire,23451,69753 Rivera Cliffs,+48457494998
1598,47928537813,Nicholas Bryant,Kuyavia,North Matthew,54540,290 Smith Junctions,+48121843745
1599,74816736687,Megan Blanchard,Pemrania,East Scottton,04253,5970 Alison Lights Suite 896,+48757727736
1600,42145757575,Hayley Coffey,Podlasie,North Kaylee,11045,9017 Mark Crescent,+48371424174
1601,22124643137,Mike Silva,Masovia,North Laura,48518,933 Levy Ramp,+48312657157
1602,56594376643,Alex Campbell,Podlasie,Port Theresaside,99760,120 Erika Forks Apt. 019,+48579629461
1603,72272528987,Kristen Hill,Pemrania,East Marc,73714,5365 Morgan Parks,+48142784722
1604,23848623992,Audrey Brown,Masovia,North Lisa,21895,7435 Brian Ridge,+48474684866
1605,83638866446,Tracy Hicks,Pomerelia,New Edwardside,02776,2723 Brown Camp Suite 965,+48429731529
1606,38514948823,Robert Anderson,Silesia,Henryburgh,16160,4302 Hart Station,+48543739834
1607,62254371551,Jason Drake,Masovia,Caseton,77107,6756 Paul Oval Apt. 839,+48837925771
1608,78712484936,Krista Fernandez DVM,Pemrania,Nataliemouth,03841,12383 Jacob Inlet,+48971816329
1609,66242649122,William Hall,Pomerelia,Jesusville,02263,09874 Lopez Ramp Suite 614,+48231489398
1610,78552233451,Monica Jones,Pomerelia,South Bobby,93779,65140 Davis Passage Suite 033,+48255871454
1611,46649837612,Elizabeth Ramos,Masovia,North Donna,94409,3493 Warren Lane Suite 677,+48893933363
1612,85864979341,Megan Davis,Silesia,Grosstown,14954,047 Turner Isle Suite 074,+48558398772
1613,24544928219,Chase Snyder,Silesia,New Mark,69038,37365 Hannah Lakes,+48846164259
1614,47757658766,Erin Gomez,Silesia,South Ruthshire,95384,172 Sarah Throughway Suite 416,+48119967256
1615,94888168598,Amber Young,Pomerelia,Jacobstown,31735,60505 Sean Burg Suite 298,+48315475679
1616,68271914848,Melissa Martinez,Podlasie,East David,08297,99160 Bond Grove,+48752538994
1617,41876463841,Kelsey Lee,Pomerelia,Johnsonborough,46630,441 Christopher Village Suite 762,+48299167275
1618,61826127821,Jessica Terry,Pemrania,East Amy,03589,6792 Emily Oval,+48594729159
1619,98643958819,Jared Collier,Kuyavia,Marcusburgh,10030,85782 King Landing,+48189531899
1620,45248296867,Amy Flores,Masovia,Claytonshire,59120,94380 Cathy Bypass Suite 653,+48714271519
1621,54887262825,Beverly Lin MD,Silesia,South Alison,74506,854 Stephen Motorway,+48178721134
1622,17393513755,Sean Green,Podlasie,Kylefurt,88505,12468 White Overpass,+48993236948
1623,96163362539,Mr. David Maldonado DDS,Silesia,Lake Christopher,78515,777 Wheeler Row,+48231231155
1624,75954183522,Jill Pena,Pomerelia,Port Stevenland,69020,93866 Jackson Prairie Suite 488,+48755776745
1625,47667752769,Emily Keller,Pomerelia,North Courtney,46320,631 Ibarra Pines,+48745579389
1626,59572839266,Mario Dixon,Podlasie,New Jayborough,67884,8036 Lucas Stream Suite 254,+48744939787
1627,64855478817,Ronald Collier,Masovia,Port Angela,66659,06268 Cooper Fords,+48757742596
1628,29379494264,Linda Garcia,Kuyavia,West Robert,76970,13837 Rebecca Terrace Suite 348,+48423138358
1629,15237484915,Shawn Jimenez,Podlasie,New Gracefort,19987,363 Adam Union Apt. 233,+48333977184
1630,26342342931,Janet Barnes,Pomerelia,Thompsonton,28606,816 Sergio Mews,+48335459134
1631,73758992522,James Johnson DDS,Silesia,Duranfort,90902,880 Teresa Keys Apt. 772,+48279656354
1632,77491685687,Samantha Greer,Kuyavia,Spencertown,02393,84377 Benjamin Heights Suite 386,+48886259828
1633,36729613147,David Werner,Masovia,Leetown,81001,93550 Hailey Gateway,+48574117195
1634,85764883851,John Young,Podlasie,Port David,07315,792 Wendy Manor,+48182742918
1635,15168849549,Ashley Baldwin,Pomerelia,Port Drew,23394,25760 Laurie Villages,+48275982561
1636,63996829522,Tara Rodriguez,Silesia,New Williamborough,52046,702 Parker Ramp,+48832844737
1637,71428954591,Regina Vasquez,Pomerelia,South Joshua,35928,23371 Samuel Highway Suite 439,+48214654747
1638,75449476828,Rhonda Patel,Masovia,Lake Nicolas,19429,60449 Thompson Oval,+48494832778
1639,41184127153,David Butler,Podlasie,West Destinymouth,97862,22511 Samuel Valley,+48386462956
1640,95319835824,Zachary Cook,Podlasie,Olivialand,55571,4996 Smith Knoll Suite 154,+48439499819
1641,94895341774,Jeremy Taylor,Pomerelia,Johnnyville,94506,5647 Silva Ford,+48423452263
1642,82335379593,Jonathan Williams,Masovia,Port Robertmouth,21605,9698 Allen Mountains Apt. 512,+48389876543
1643,89278671379,Jennifer Thomas,Masovia,Donnafort,21206,294 Hall Greens Apt. 802,+48488217917
1644,14447555347,Christina Yates,Pemrania,North Steven,75368,980 Glass Pike Apt. 677,+48211823145
1645,91767863791,Lawrence Bullock,Podlasie,Port Richardfort,78537,430 Matthew Brooks,+48926477182
1646,76792561125,Terry Wilkerson,Silesia,West Williammouth,60781,457 Wiggins Fields,+48345875243
1647,96855391173,Lindsey Robinson,Podlasie,Lake Kendrachester,77881,9082 Romero Freeway Apt. 305,+48551638346
1648,83491921486,Latoya Ellis,Podlasie,Smithborough,87177,2287 Kirby Flat Suite 222,+48463512741
1649,41784816535,Scott Lopez,Masovia,East Bruceport,63190,1403 Carlson Meadows,+48149952659
1650,74468334524,William Simon,Silesia,Ashleymouth,35087,67330 Richard Rapid,+48949738633
1651,62549133137,Stacey Cook,Podlasie,Jessicaburgh,73395,605 Harrison Run,+48228267467
1652,83221245822,Jackie Ritter,Podlasie,New Lisa,24579,075 Jennifer Orchard Suite 493,+48496818973
1653,74363586243,Arthur Burnett,Pemrania,Lake Alexandraburgh,82594,230 Davis Roads,+48242669862
1654,75661399453,Jeffery Dunn,Kuyavia,West David,05531,10274 Ballard Greens Apt. 150,+48584897522
1655,76113896148,Michael Shah,Silesia,Tracyhaven,52194,24806 Kathleen Station,+48453159667
1656,39745358333,Darren Nichols,Masovia,West Kevin,23370,4877 Ronald Course,+48153658978
1657,67331235161,Erin Reid,Pomerelia,North Stacybury,35357,2063 Jacobson Manor,+48456822225
1658,31542472712,Justin Mcclain,Kuyavia,West Deborah,43284,132 Jackson Village,+48985688277
1659,92183244437,Sheri Cummings,Pomerelia,Morrowmouth,71017,438 Daryl Springs Suite 508,+48194691375
1660,45859299851,Carrie Porter,Silesia,Martinezbury,54161,399 Simmons Port,+48376151281
1661,92662752914,Mark Williams,Pomerelia,Melissabury,50308,61209 Green Loop,+48977221394
1662,47598314239,Stephanie Barnes,Pomerelia,South Jackson,05801,134 David Dale,+48295376446
1663,18238524878,Robert Oneal,Silesia,Lake Kelly,60807,162 John Key,+48298511749
1664,83867916878,Cody Gray,Pemrania,West Michelleview,63418,484 Monica Loaf Suite 957,+48938842151
1665,41423251657,Megan Bullock,Pomerelia,Marymouth,08044,5515 Owens Shoals,+48265523916
1666,99965946956,Mrs. Rebecca Shaw,Silesia,East Lori,12679,38691 Scott Club,+48796567955
1667,53663418518,Daniel Ross,Kuyavia,East Michaelmouth,84122,995 Susan Parkway,+48531743137
1668,57812226827,Cassie Ferguson,Podlasie,East Brianastad,73715,37466 Michelle Vista Suite 542,+48198765296
1669,56414986342,Alexis Brown,Kuyavia,Briannaberg,73595,0352 Duran Fall Apt. 642,+48718354753
1670,62484712475,Brian Carpenter,Podlasie,Warrenstad,60072,9208 Sawyer Cape Suite 495,+48559675612
1671,81886164536,Connie Wood,Masovia,East William,30899,50754 Tony Plaza Suite 720,+48621513927
1672,77151184622,Teresa Anderson,Pemrania,Wardchester,58247,641 Ramos Mountains,+48123751154
1673,63972594414,Denise Bailey,Pemrania,East Sara,74047,0990 Osborne Ranch,+48461466572
1674,95682374589,Kevin Wilson,Kuyavia,Davisfurt,02655,81739 Cameron Loop,+48965647563
1675,48615564798,Jeffrey Mccoy,Kuyavia,Douglasberg,96316,73463 Sara Tunnel,+48712785693
1676,65287854573,Beverly Turner,Podlasie,Christineview,86100,2618 William Inlet Apt. 603,+48456219724
1677,93668392159,Heather Morales,Podlasie,Jordanberg,17042,55225 Omar Port Suite 290,+48852951736
1678,65241644975,Mary Haas,Silesia,New Michaelmouth,55076,5729 Martin Summit Apt. 107,+48416518228
1679,47665978318,Janet Jimenez,Podlasie,East Toddhaven,16556,69743 Karen Drives,+48439338996
1680,78123951479,Veronica Wilkinson,Masovia,East Cody,73896,35425 Wilson Greens Apt. 380,+48915552519
1681,59138363946,Philip Jones,Pemrania,Lake Tammyport,74121,92865 Lisa Harbor,+48179354857
1682,56546776178,George Dodson,Pomerelia,Ashleyside,25836,5163 Susan Ramp,+48298426387
1683,57297759412,Aaron Randall,Podlasie,Wrightfurt,45301,643 Hines Junction,+48229298548
1684,63721496353,Daniel Foster,Kuyavia,East Rickyborough,32914,42528 Ryan Lodge Suite 769,+48349897397
1685,33625863128,Scott Williams,Podlasie,Tracyton,89785,8921 Mcgrath Shoals,+48315451561
1686,24575893717,Christopher Gross,Pomerelia,Christinehaven,16923,027 Richard Crossroad Apt. 956,+48118295817
1687,75834448426,Courtney Miller,Pomerelia,East John,19392,1178 Brown Meadows,+48141687771
1688,87817355144,Paul Rios,Pemrania,Jackfurt,90151,16551 Jessica Club Suite 087,+48256246468
1689,75317864437,Ryan Reyes,Podlasie,North Wesleyfurt,85727,560 Nguyen Viaduct,+48274391489
1690,26729685833,Patricia Taylor,Kuyavia,Joshuaburgh,10796,746 Katherine Terrace,+48867749651
1691,24338539968,Douglas Brown,Kuyavia,West Stephaniebury,48140,2110 Harris Mountain,+48744749378
1692,51862455716,Katrina Saunders,Pemrania,Port Melissa,29307,32067 Christopher Lake Apt. 378,+48898887654
1693,61544313882,Ryan Fox,Pomerelia,Kevinshire,46980,4717 Briggs Lights,+48267648336
1694,36721835719,Tara Foster,Kuyavia,Lake Jeremy,46676,81574 Luis Harbor Suite 448,+48471419996
1695,84938645948,Michael Mason,Masovia,Anthonyhaven,89100,2619 Anthony Spring Apt. 599,+48941729959
1696,69567239577,Katherine Marsh,Pomerelia,New Michelleview,90939,2211 Oneill Fall Apt. 992,+48189445329
1697,25158494165,Kelly Miller DVM,Pomerelia,West Jessica,61691,8620 Vang Lights Suite 149,+48272522634
1698,12698728381,Shawn Howard,Podlasie,Port Cynthia,89289,0976 Lori Burgs,+48336241812
1699,99419127528,Richard Rivera,Podlasie,Davidmouth,22319,810 Jimenez Fields,+48883464615
1700,84319921981,Justin Clark,Pemrania,Ballardbury,37817,71754 Flores Crossing,+48728423497
1701,22662169732,Stephen Shaffer,Kuyavia,Robinburgh,48825,994 Lee Walks,+48945541376
1702,12621799399,Kelsey Cameron,Pemrania,West Yvonnestad,65952,03274 David Crest,+48818468545
1703,43331384374,Ralph Haney,Masovia,Smithshire,58842,34211 Tammy Lodge Suite 473,+48559368339
1704,61555473388,Eric Guerra DVM,Pomerelia,Robertsonport,19376,4331 Fernandez Mountains Suite 513,+48899393921
1705,22355717137,Philip Rice,Podlasie,Aguilarland,40669,25577 Jones Crossing Suite 609,+48967371719
1706,41818988347,Susan Moore,Podlasie,New Shelbyview,01536,065 Chelsea Alley,+48254637267
1707,81697355199,Stephen Walker,Silesia,North Sethland,96774,517 Washington Forest Apt. 742,+48969864277
1708,97945746971,Angel Thomas,Pemrania,Salazarbury,20798,0697 Bailey Camp Apt. 177,+48551621945
1709,48289411854,Marissa Green,Pemrania,Bryantchester,78135,5978 Stephanie Locks,+48289787138
1710,53457412827,Thomas Shaw,Masovia,Williammouth,70450,28603 Patrick Squares,+48982188829
1711,42896881326,Kelly Brock,Silesia,Lake Brianview,57655,40553 Terri Manors,+48454378995
1712,38167253478,Rhonda Alvarez,Silesia,Raymondfurt,59857,8003 Harding Locks Apt. 303,+48543228386
1713,97968189969,Charlene Payne,Podlasie,Beanland,98078,0075 Mitchell Coves,+48379519669
1714,81565828172,Haley Edwards,Kuyavia,East Brian,50012,2661 Christopher Gardens,+48876886366
1715,22389171229,Eugene Duncan,Pemrania,Wolfton,15727,6903 Anthony Ways,+48311561298
1716,74631472531,Mario Martinez,Kuyavia,New Jamesview,88868,79116 Hunter Plains Suite 794,+48614574661
1717,84214647736,Michelle Murray,Silesia,South Richardfort,00602,160 Brown Center Apt. 484,+48212376397
1718,81362495576,Arthur Davis,Masovia,North Heather,17626,53780 Ashlee Crossing,+48725278376
1719,96442497386,Samantha Porter,Pemrania,Sherrishire,39342,4513 Smith Spur Apt. 480,+48732489915
1720,99267387239,Danielle Chapman,Masovia,Jenningsstad,79786,884 Stokes Ranch Suite 288,+48534542424
1721,76934428484,William Morton,Pomerelia,East Kendrashire,78922,0072 Jeffrey Garden Suite 991,+48229244323
1722,14325816939,Dawn Griffin,Pomerelia,East Davidport,75683,19957 Joseph Rapids Suite 986,+48451264596
1723,38249483753,Phillip Hodges,Silesia,Scottview,41620,8545 James Trace Apt. 754,+48524734676
1724,66921882537,Laura Brown,Masovia,Lake Jason,04524,11372 Chang Creek Apt. 673,+48727359852
1725,96315515222,Latoya David,Masovia,Tinaberg,97330,77629 Murphy Dam Apt. 862,+48515224959
1726,42143662157,Erik Herrera,Pemrania,New Erinfurt,04839,957 Diana Fall,+48551769237
1727,24421688885,Andrea White,Pomerelia,Castanedabury,38782,936 Sullivan Mills Suite 541,+48371456941
1728,99245282546,Sarah Hanna,Masovia,Milesville,07291,507 Butler Landing Suite 170,+48374391396
1729,59316946534,Elizabeth Clark,Silesia,Lake Jonathan,39444,80483 Walker Groves Suite 245,+48431746999
1730,44899496441,Alicia Anderson,Masovia,Port Patrick,04301,8295 Robert Green Apt. 021,+48688291197
1731,54677811183,Bryan Boyd,Masovia,Adamton,82613,81919 Cortez Prairie Apt. 822,+48284429983
1732,96452793359,Heather Carpenter,Masovia,Port Amber,36665,0572 Kevin Drive Apt. 322,+48682854966
1733,18358616113,Katherine Fuentes,Kuyavia,Lake Kristenstad,28082,626 Johnson Overpass,+48737558453
1734,54299727131,Mark Ware,Masovia,Huberton,83995,3757 Sheila Landing,+48125842814
1735,36532659677,Megan Ashley,Pemrania,Port Davidhaven,84122,84039 Melissa Gateway,+48876732467
1736,23177976723,Peter Matthews,Podlasie,Carlton,69254,03057 Nicole Viaduct,+48762385835
1737,23346384342,John Sanchez,Pomerelia,Curtisborough,01196,45118 Salazar Fork Suite 798,+48981574699
1738,88898919668,Amanda Duffy,Podlasie,East Mark,67023,81929 Nelson Common,+48377471831
1739,18388249597,Henry Richards,Pemrania,Carlbury,15421,59231 Sarah Squares Apt. 427,+48776579877
1740,54884286378,Michael Lester,Silesia,Chenbury,25217,5104 Kristopher Fall Suite 201,+48532692363
1741,35937792187,John Ward,Pomerelia,Crosbyfort,22077,127 George Skyway,+48228844827
1742,89865724541,Lance Burton,Podlasie,Lake Paulchester,34585,41044 Joseph Causeway Apt. 454,+48137576246
1743,69851879157,Karen Baker,Silesia,Mooreside,69112,010 Martinez Island Apt. 968,+48138645494
1744,16487985513,Daniel Mckinney,Podlasie,West Erikland,35727,2221 Elizabeth Crescent Suite 971,+48671747332
1745,37345414555,Steven Lewis,Silesia,Evansborough,11353,986 Hart Knolls Apt. 165,+48823744116
1746,83551725228,William Kidd,Podlasie,Kevinview,19687,9996 Debra Underpass,+48852625116
1747,89855757849,Sandra Ford,Pomerelia,Lake Thomasmouth,43035,99202 Jon Forge,+48438329361
1748,69722614382,Elizabeth Lawrence,Kuyavia,Gallaghermouth,19214,2973 Cortez Pike,+48439733983
1749,65653744288,Jessica Martinez,Pemrania,Deckerchester,91781,3660 Martin Drive Suite 607,+48918842363
1750,92494757832,Ashley Gibson,Podlasie,Alanburgh,78162,629 Kimberly Row Apt. 097,+48275254685
1751,91673571625,Joy Ashley,Pomerelia,Garciafurt,29722,1606 Merritt Gateway,+48538917393
1752,25157584629,Tony Patterson,Pemrania,Victoriabury,67714,328 Heather Estate,+48554573234
1753,52883558555,Christopher Dudley,Podlasie,South Ryan,61922,7478 Mcguire Neck,+48898582743
1754,75564438238,Amy Dixon,Podlasie,Rowefurt,67350,689 Mccoy Mills Suite 897,+48335198927
1755,83942745633,Melissa Harris,Kuyavia,Lake Jeremyview,38868,71543 Taylor Center,+48419312987
1756,86666462183,Deborah Morgan,Podlasie,Mclaughlinland,36127,4764 Robert Landing Suite 004,+48472813185
1757,72633131163,Samantha Bennett,Masovia,Port Judithfurt,75504,413 Samantha Road Suite 533,+48736775569
1758,29643681156,Autumn Gutierrez,Kuyavia,North Michael,44253,4781 Boyer Stravenue Suite 974,+48511668998
1759,26598753839,Allen Martinez,Kuyavia,Port Abigailmouth,71804,572 Matthew Terrace Suite 194,+48886458276
1760,63972551448,Amy Buchanan,Pemrania,Lake Kevinchester,28623,08715 Timothy Knoll,+48689927544
1761,67392862958,Lisa Payne,Podlasie,Smithberg,86145,6328 Melissa Mission Suite 326,+48354929229
1762,71669482377,Rodney Moore,Kuyavia,West James,48189,8980 Karen Shoal,+48844475651
1763,79554837572,Breanna French,Masovia,Whitakermouth,85968,1817 Jones Vista,+48815838543
1764,69373449528,Kimberly Thompson,Podlasie,North Timothy,11750,41693 Jason Greens,+48356166917
1765,46965739448,Rebecca Alexander,Pemrania,Shawntown,61536,874 Steven Greens Suite 040,+48175643758
1766,39382478566,Barbara Santos,Masovia,Silvaport,78862,63201 Cody Island,+48282839145
1767,24332524436,Robert Keith,Masovia,West Jeffton,64374,837 Anthony Corner Suite 168,+48389559895
1768,16366134222,John Berg,Masovia,Charlesburgh,95723,276 Steven Viaduct,+48528232192
1769,89871832772,Joann Robertson,Silesia,South Tiffany,60134,099 Jeremy Course,+48325111926
1770,11863572564,John Matthews,Kuyavia,Kimberlymouth,62394,1994 Armstrong Land Apt. 635,+48995768541
1771,52181621934,Joel Castillo,Kuyavia,Port Rachelview,70156,86485 Pamela Corners Apt. 217,+48681533725
1772,45648255637,Devin Johnson,Kuyavia,Smithside,91489,76389 Brown Land,+48718498659
1773,38685639548,April Wall,Pemrania,North Tyrone,77548,310 Whitney Radial,+48653431354
1774,72484363628,Danielle Johnson,Podlasie,Port Bethburgh,84223,38812 Barnes Path,+48753713333
1775,82915317566,Amy Knapp,Kuyavia,West Ryan,13052,87480 Brittany Mount,+48145371415
1776,57241565949,Susan Jensen,Masovia,Calebshire,07915,4803 Meghan Cliffs Suite 864,+48165774417
1777,38513585513,Eric Orozco,Pomerelia,East Mackenzieburgh,04625,6909 Thomas Place,+48611533934
1778,19519382597,Andrew Young,Kuyavia,South Laurahaven,18171,7329 Todd Wall Suite 149,+48277462116
1779,36444775296,Katrina Schmidt,Silesia,Charlesshire,57839,44670 Bender Skyway,+48726659613
1780,15799696367,Kelli Wolf MD,Kuyavia,Smithbury,63479,276 Moon Stream,+48211638414
1781,48894653566,Jamie Harris,Podlasie,Dawnview,29303,04198 Victoria Drive,+48537174415
1782,35113566758,Kevin Hahn,Pemrania,Lake Judithshire,51699,0805 Kevin Passage Apt. 158,+48422476727
1783,14215629979,Sara Sanford,Kuyavia,Lake Daniel,99830,857 Fernando Turnpike Suite 651,+48524538742
1784,34417747199,Mrs. Bridget Ross,Silesia,Michaelhaven,28000,46022 Meagan Avenue,+48249512787
1785,18113571818,Ruth Daniels,Pomerelia,Reynoldsfurt,05046,42757 Sarah Knoll Apt. 554,+48269414849
1786,61489433989,Jose Proctor,Pomerelia,Port Brittney,17763,60361 Scott Port,+48955723223
1787,33198885196,Alexander Horne,Silesia,Kevinland,35469,5468 Kelly Haven Suite 778,+48279436639
1788,46581575821,Sarah Spencer,Podlasie,Karimouth,08699,9125 Michael Green,+48618562989
1789,35513576645,Timothy Wood,Pemrania,East Julie,79030,704 Nicole Row Suite 173,+48814299926
1790,91988589454,William Young,Pemrania,Tiffanybury,29313,360 Mclaughlin Via,+48926871469
1791,82171967522,Joseph Anderson,Pemrania,South Josephbury,72835,99876 Riley Ports Apt. 202,+48842215755
1792,49112345943,Thomas Patton,Podlasie,Harthaven,34913,7073 Turner Club Apt. 504,+48587583748
1793,85251925171,Alexis Gonzalez,Silesia,Lake Jennyton,67575,2808 Kathy Loaf,+48617547349
1794,81197644387,Peter Mendoza,Podlasie,Lewisburgh,79531,0811 Jones Road,+48453957653
1795,32385736315,Daniel Lynch,Podlasie,North Jennifer,63776,5608 Julia Road,+48921555691
1796,62276395171,Karen Jacobs MD,Pomerelia,West Joshuamouth,77560,844 Abigail Corner,+48413996238
1797,26194626571,Lindsey Callahan,Kuyavia,Port Mariechester,56554,22146 Fields Walks Apt. 793,+48197279254
1798,84688627945,Melissa Trujillo,Silesia,Marcusmouth,34853,549 Rebecca Knoll,+48546942741
1799,37986329365,Kimberly Reilly,Pemrania,Lake Alexandra,41398,10403 Donna Motorway Suite 461,+48238153366
1800,21313618949,Andrew Carpenter,Pomerelia,South Robertberg,91239,5780 Bailey Island Suite 516,+48535533372
1801,74358777788,Gregory Mosley,Pomerelia,New Taylorhaven,76887,30583 Gordon Village,+48511953781
1802,98816656896,Mary Garcia,Masovia,Dayside,13241,15456 Martinez Circle,+48983362739
1803,25957446871,Anthony Gibson,Masovia,Johnsonborough,36369,516 Nelson Garden,+48259781195
1804,93165372425,Brenda Bennett,Podlasie,Carpenterport,08308,3536 Clark Streets Suite 937,+48797541285
1805,61876886179,Bobby Allen,Podlasie,Candaceshire,37629,2415 Baldwin Dale,+48832935847
1806,58497399673,Elizabeth White,Pemrania,Rebeccaville,34258,6085 Kari Isle Suite 859,+48778483739
1807,23958661489,Ethan Williams,Pomerelia,Lake Frankfort,44337,897 Evans Garden Apt. 210,+48926252927
1808,14235969653,Michelle King,Silesia,Alexisview,10062,578 Taylor Motorway,+48332436597
1809,81822176719,George Farmer,Kuyavia,Port Lisa,31899,35541 Amanda Route Apt. 477,+48148252385
1810,65774169291,Courtney Schwartz,Masovia,Frankport,17764,1073 Robinson Mall Suite 953,+48542322744
1811,17196486544,Wanda Phillips,Pomerelia,Kathrynshire,98383,54583 Carter Shores,+48392235644
1812,42551369357,Sarah Peters,Silesia,Wilsontown,75480,2240 Perez Vista,+48141721992
1813,56742142616,Amanda Moore,Pomerelia,North Mary,01840,8902 Robert Station Suite 405,+48842773162
1814,79328931761,Donald King,Podlasie,West Kathryn,07424,495 Proctor Oval Apt. 101,+48973877245
1815,21536853617,Emily Wyatt,Silesia,Smithton,98263,4674 Shawna Flats,+48797181853
1816,72274561632,Juan Wilson,Kuyavia,East Paul,04770,732 Dunlap Turnpike,+48242319297
1817,26281573725,Natalie Todd,Podlasie,Lake Curtis,57201,363 Heidi Place Apt. 989,+48833831353
1818,14823482255,Brian Barrera,Pomerelia,New Tonya,70113,4680 Delgado Dam Suite 795,+48715747225
1819,67239462135,Allen Jackson,Kuyavia,Rosarioberg,83753,588 Jonathan Fork Suite 251,+48627231359
1820,22468492164,Christopher English,Podlasie,Coreyhaven,96081,2513 Curry Crest,+48383415341
1821,89315517926,Lydia Moore,Kuyavia,Jonesside,95737,214 Robinson Islands,+48937591594
1822,77569412686,Karen Dunn,Kuyavia,Millerport,01197,3139 Logan Curve Apt. 510,+48786171677
1823,24672585613,Brittany Burns,Podlasie,New Jacob,94927,82062 Robert Village,+48727537981
1824,11592633166,John Gardner,Silesia,Hendersonberg,53692,455 Carpenter Club,+48193555223
1825,75837356113,John Snyder,Podlasie,Avilaland,43713,351 Hart Neck Apt. 715,+48187741328
1826,67652987889,Christine Stanton,Podlasie,Mandyburgh,31163,170 Andrea Circle,+48411213945
1827,34966427477,Sarah Hunt,Pemrania,Lisahaven,40978,452 Michael Gardens Apt. 768,+48328419146
1828,29336812712,Susan Hernandez,Silesia,Harrisfurt,15230,873 Pamela Cape Apt. 264,+48813363644
1829,71866325417,Robin Sims,Silesia,Emmamouth,91454,5471 Zhang Vista Apt. 177,+48625543566
1830,31782989646,Jason Monroe,Pemrania,Youngmouth,91625,3198 Costa Turnpike,+48498872485
1831,66937173817,Daniel Gray,Silesia,Kristinhaven,81766,636 Nicole Island Apt. 507,+48439354313
1832,39199943759,Julie Johnson,Silesia,Rodriguezhaven,89309,4514 Parsons Brooks Suite 326,+48297735959
1833,58292939644,Alyssa Williams,Masovia,Moorehaven,23090,34070 Barajas Lock Apt. 155,+48746795533
1834,91324528947,Nichole Edwards,Pomerelia,West Ashleyburgh,12158,75440 Smith Summit Apt. 919,+48997376245
1835,23451571273,Todd Gentry,Podlasie,Myersview,50984,116 Rebecca Skyway,+48657285443
1836,39944828296,Manuel Tran,Kuyavia,South Michaelburgh,67980,9149 Wilson Skyway,+48521132772
1837,48714244521,Michael Lopez,Kuyavia,New Richardmouth,37194,646 Tamara Bridge Apt. 175,+48316417254
1838,74772897468,Shelby Thornton,Masovia,South Dennisport,47409,35054 Black Plains Apt. 639,+48446868498
1839,95575254425,Nicholas Lopez,Pomerelia,Silvachester,20429,500 Johnson Summit,+48982795929
1840,87254815287,Kenneth Williams,Pomerelia,Stanleybury,87312,5788 Beltran Summit Apt. 214,+48361849574
1841,78782446385,Dean Perez,Pomerelia,West Heidishire,82222,8311 Mitchell Place Apt. 230,+48736447919
1842,91322246539,James Hartman,Pemrania,West Rosemouth,79066,90443 Michael Bypass Apt. 997,+48158488492
1843,56278119388,Anthony Carpenter,Silesia,Seanland,11206,2018 White Cape,+48378281425
1844,46227172389,Jose Roberts,Podlasie,Lake Megan,86640,340 Robert Street Apt. 457,+48976741656
1845,13567943168,John Good,Kuyavia,New Kaylaside,13264,342 Smith Camp,+48827865295
1846,75874879493,Angela Hines,Silesia,South Hannah,04722,44542 Ramirez Forks,+48134269993
1847,27122495293,Jacqueline Wright,Kuyavia,Lake Pamela,40231,0314 Carter Field Apt. 157,+48523259275
1848,26299848839,Cheryl Wilson,Silesia,Wilsonfort,34782,69524 May Pines,+48695742252
1849,96248166971,Gary Davis,Pemrania,South Grantville,82309,14062 Monroe River,+48283851842
1850,61396864777,Paul Duffy,Podlasie,Ingrammouth,00823,341 Amy Street,+48983118284
1851,17596227112,Terri Chapman,Masovia,Lauramouth,28657,89155 Carter Ports Suite 624,+48273572979
1852,36699351832,Kelsey Moran,Podlasie,Dianefort,67637,44092 William Plaza Apt. 647,+48589525652
1853,16964314672,Renee Sexton,Masovia,Shirleyborough,02620,5270 Montgomery Mews Suite 715,+48964264835
1854,81342183383,Jonathan Walker,Podlasie,New Jeremymouth,72297,3858 Hernandez Ridge Suite 521,+48582131648
1855,77535952283,Kevin Moreno,Podlasie,East Ashleybury,60602,57053 Salazar Parkway Apt. 070,+48846638665
1856,56756865538,Danielle Shaffer,Silesia,New Dianaton,01091,8462 Christy Hollow Apt. 227,+48548826837
1857,29989751578,Paige Cochran,Podlasie,Juliebury,89695,37507 Raven Well,+48119442226
1858,66483741728,Oscar Hernandez,Pomerelia,Glennberg,16531,4136 Albert Curve Suite 529,+48196837212
1859,51771298357,Nicolas Herrera,Pemrania,West Sharon,90004,5495 Huber Manors Apt. 069,+48331898696
1860,83136744671,Chad Boyd,Kuyavia,Port Andrewside,00874,700 French Fords Suite 909,+48757963537
1861,69534572142,Amanda Elliott,Pomerelia,Kaitlinstad,56599,774 Anderson Lights Suite 123,+48837558546
1862,25426141442,Dean Hernandez,Kuyavia,Lake Gloria,77501,24260 Montgomery Islands Suite 969,+48676889398
1863,14661695399,Peter Blackburn,Masovia,North Timothybury,82338,432 Lisa Union Apt. 057,+48139694675
1864,78491925163,Sabrina Sanders,Pemrania,Smithmouth,10749,2437 Russell Land Suite 334,+48784586731
1865,83775314345,Abigail Stewart,Masovia,Theresaburgh,05693,347 Tammie Court,+48324791822
1866,72357852549,Kenneth Barry,Pemrania,Lake Jessica,76389,2100 Ronnie Prairie Apt. 883,+48315269776
1867,66479866971,Xavier Lewis,Pomerelia,Mcgeeview,90319,06785 Castro Glen,+48757446359
1868,75868213983,Paige Maldonado,Silesia,Lake Maryburgh,35520,654 Victoria Valleys Apt. 441,+48347527222
1869,59892478526,Monique Gutierrez,Silesia,Gordonmouth,64594,41071 Christian Roads Suite 698,+48921267453
1870,93556368399,John Ellison,Silesia,South Jessica,42037,9110 Leslie Parkways,+48254372397
1871,78713272828,Katrina Taylor,Pemrania,West Jenniferville,13267,1849 Vazquez Mill Apt. 202,+48645723856
1872,58193789371,John Rose,Silesia,Franklinstad,57872,16172 Perez Keys Apt. 870,+48574113712
1873,52335921586,Veronica Watkins,Pemrania,Port Deborah,52073,4192 Maria Landing,+48136893344
1874,54186679892,Connor Johnson,Masovia,Port Jenniferville,85511,4887 Baxter Shoal Apt. 782,+48364828679
1875,75866219572,Zachary Smith,Masovia,Lake Kellytown,46356,130 Griffin Stream Suite 809,+48585152723
1876,89711525553,John Martinez,Podlasie,New Julia,88921,85458 Ronald Center,+48889718838
1877,17328626615,Scott Clayton,Kuyavia,Joanfort,36335,8553 Joseph Loaf Apt. 776,+48167792525
1878,95788927245,Tony Vasquez,Silesia,Gutierrezville,40967,8754 Johnson Branch Suite 286,+48196549168
1879,56133768588,Charles Perez,Pomerelia,Johnsonville,64896,421 Cruz Fall,+48237133584
1880,91668591489,Amy Moon,Podlasie,Knighttown,92377,3013 Mark Rapid Suite 156,+48961397892
1881,63739373652,Marcus Holmes,Masovia,Adamstad,98778,61828 Brent Pine,+48888374655
1882,61833342274,Courtney Haas,Pomerelia,Lake Kristina,66615,203 Carson Neck,+48588252891
1883,44139197686,Allison Petersen,Pemrania,Port Robert,08069,7104 Sharon Pike,+48497878792
1884,13517425662,Scott Osborn,Silesia,Lake Darlene,33063,0601 Sheila Field Apt. 199,+48738376824
1885,54643258266,Jennifer Stewart,Masovia,Warrenberg,18696,4813 Shaw Ramp,+48391474251
1886,54569287947,Adam Lam,Kuyavia,Williamsfort,97377,499 Campbell Field,+48294625622
1887,55638712822,Alex Munoz,Masovia,Lake Karen,60285,81834 Jackson Springs Suite 647,+48647857367
1888,79732373225,Patricia Oconnor,Kuyavia,South Jared,49430,6806 Carrie Trace Apt. 856,+48295592133
1889,24771258434,Margaret Hodges,Kuyavia,Johnsonfort,74707,19141 Gonzalez Common Suite 890,+48268412514
1890,18617827558,Nancy Baldwin,Podlasie,Susanburgh,80595,64338 Hardy Garden Suite 571,+48424775848
1891,92549266363,Virginia Parsons,Silesia,Howardberg,08741,422 Hill Haven Suite 552,+48945633993
1892,41458831726,William Hoffman,Kuyavia,Fishershire,56750,607 Watson Rapids Suite 923,+48437339881
1893,18173472256,Victoria Wallace,Masovia,Goldenstad,09752,179 Moore Rest,+48228351644
1894,96841418347,Tony Bryan DDS,Silesia,South Richardtown,81178,867 Sean Track,+48237387153
1895,38578991312,Gene Cook,Pomerelia,Camposberg,26442,1165 Morris Groves,+48428797298
1896,47551594463,Emma Bernard,Silesia,South Valerie,47853,21695 Taylor Union,+48357426786
1897,21318873757,Kelly Andrews,Kuyavia,New Shane,64100,94470 Ingram Drive,+48767187653
1898,58914436881,Carl Thomas,Podlasie,North Steven,08924,9857 Evans Trace Suite 666,+48246437914
1899,81393773334,Stephen Murphy,Pomerelia,Susanshire,09666,5580 Morgan Forge,+48321917539
1900,37253816742,Gina Floyd,Pemrania,Lake Laura,45464,4733 Santiago Trail,+48591521834
1901,89618199365,Jeffrey Jones,Podlasie,Johnbury,80461,02374 Nelson Mountain Apt. 168,+48382366256
1902,33251847281,Connor Ellis,Kuyavia,Aguirreside,98635,5675 Anthony Estate Suite 269,+48182928518
1903,38863258961,Robert Cox,Pemrania,Rickystad,81660,5828 William Fall Apt. 795,+48561899362
1904,19996921991,Dawn Wilson,Masovia,Carlsonburgh,75283,3647 Mitchell Land,+48276241457
1905,38575666351,Kimberly Colon,Pemrania,New Ashley,11308,61836 Corey Creek,+48814796435
1906,56853325737,William Ponce,Pomerelia,Jamesburgh,32122,3340 Morgan Crossing,+48156836447
1907,76771834653,Phillip Scott,Kuyavia,New Christopherburgh,02692,4113 Andrew Prairie,+48846833317
1908,46733533381,Joseph Thomas,Pomerelia,South Sarah,64051,49476 Laura Curve Suite 161,+48341563561
1909,52954815783,Vincent Jackson,Podlasie,Amandafort,21670,80860 Roach Station,+48356293651
1910,48952468336,Brian Yates,Kuyavia,Port Ralphfurt,38156,262 Cameron Tunnel Apt. 752,+48216258911
1911,45413815175,Diana Jackson,Pemrania,Jacksonview,27616,621 Shaw Hills Suite 385,+48798854576
1912,41477887722,Debra Leonard,Kuyavia,Dunnland,64749,37770 Bonnie Overpass Apt. 192,+48175611854
1913,79885395881,Jacob Sharp,Podlasie,Lake Michaelfurt,33824,0492 Kaylee Inlet Apt. 696,+48365862376
1914,55873327326,Wanda Jones,Podlasie,Taylorland,73647,64904 Leonard Lakes,+48825812292
1915,23857218925,Gary Obrien,Pomerelia,Lake Jenniferhaven,11779,13889 Anna Corner,+48352534244
1916,81213687363,Michelle Wright,Pomerelia,Port Julieberg,69529,361 Vanessa Burg,+48454881197
1917,73857441757,Brenda Blackwell,Podlasie,East Christopher,03315,369 John Ford,+48477392768
1918,64382867211,Tiffany Hall,Silesia,West Lisa,93062,23537 Young Mountains,+48576355654
1919,32451566951,Michael Romero,Kuyavia,Jonesmouth,15449,7121 Tiffany Burgs Apt. 611,+48874522735
1920,75467954277,John Sanchez,Podlasie,South George,76097,581 David Locks,+48669939827
1921,67244132268,Veronica Meyers MD,Silesia,Port Melissa,46879,083 Wood Cove,+48245829439
1922,24291814926,Stephen Robinson,Masovia,Lake Christinaborough,84323,917 Beth Trace Suite 021,+48392285481
1923,11977877978,Jennifer Mcneil,Podlasie,Port Jerryview,13376,566 Maria Hollow Apt. 035,+48118318851
1924,53828473175,Kristy Booker,Pemrania,Port Pamela,69064,35371 Ramirez Street Apt. 976,+48187855657
1925,82983282643,Sarah Nielsen,Pomerelia,Port Matthewshire,29110,354 Kimberly Causeway,+48495128889
1926,92689232917,Victoria Wade,Silesia,West Charlesborough,42774,49993 Angela Drives,+48294951991
1927,73859152447,Tony Griffin,Silesia,Port Brianna,92339,2894 Nathan Heights,+48191515877
1928,94712195374,Phillip Stevens,Pomerelia,Lake Jenniferchester,21294,93468 Ann Walks Suite 390,+48468993143
1929,12418113356,Paul Jones,Pemrania,Chadville,85997,0703 King Loop Apt. 587,+48251484526
1930,54833874842,Justin Williams,Kuyavia,Lauraton,92417,014 Daniel Courts,+48794881148
1931,76841313323,Philip Hernandez,Pomerelia,Moyertown,38650,62214 George Harbor Apt. 786,+48714323114
1932,93367615391,Whitney Wolfe,Masovia,Aguirrehaven,36079,14578 Mckinney Island Apt. 311,+48197496453
1933,88288255919,Ryan Curry,Kuyavia,Lindamouth,74301,746 Long Station Suite 015,+48665663898
1934,37177691776,Jared Cole,Masovia,Bryanport,99827,9678 Cruz Divide,+48831588584
1935,52673511771,Raymond Campbell,Masovia,North Cindy,92000,48404 Love Terrace Apt. 511,+48417348416
1936,77678964366,Renee Smith,Pomerelia,Calderonstad,08809,414 Steven Loop Suite 540,+48145184793
1937,19485337754,Matthew Rivera,Kuyavia,Port John,69768,4022 Martin Squares,+48872779125
1938,96171217847,Brooke Lee DDS,Kuyavia,Jackchester,02879,9912 Cynthia Hollow,+48941165534
1939,62425924722,Anna Cruz,Masovia,Meyerbury,88409,29932 Daugherty Springs Apt. 892,+48564953575
1940,35281867299,Aaron Short,Pemrania,Katherineside,99445,680 Wendy Burg Suite 169,+48655854888
1941,15315317991,Joseph King,Masovia,Port Kimberly,31058,09395 Goodwin Loaf,+48558599518
1942,52266411835,Anita Irwin,Pemrania,Matthewsview,65331,131 Zhang Ports,+48699922792
1943,93821171778,Jeffrey Ruiz,Masovia,Fuenteston,51673,936 Richard Wall,+48438915356
1944,85819767794,Gina Gomez,Silesia,Santiagoberg,03118,92357 Welch Hill Apt. 454,+48891771366
1945,76724796372,Brian Joyce,Podlasie,North Patricialand,01417,5219 Mccarty Road,+48235289326
1946,35677412712,Brianna Gamble,Silesia,Loriview,97253,2453 Jeffrey Light,+48425487257
1947,37375823216,Diane Nichols,Pemrania,Wagnerborough,74059,47956 Chavez Lane,+48857318251
1948,67433839737,Kelly Christensen,Pemrania,Michellebury,19360,47112 Jason Hill,+48173611821
1949,69457717256,Courtney Graves,Pomerelia,Port Tony,13862,90048 John Ferry Suite 285,+48921922741
1950,63948277269,Dennis Vazquez,Masovia,New Allison,33303,83318 Jones Wells Apt. 640,+48814648331
1951,66776529778,Kristina Dickson,Kuyavia,Robertsfurt,59018,62042 Kelsey Stravenue,+48866363643
1952,86524896558,Brandon Dixon,Pemrania,West David,87729,11580 Wallace Wells,+48825416629
1953,44151678714,Michelle Rodriguez,Kuyavia,Leahville,02831,91431 Catherine Parkway Suite 999,+48668132124
1954,96692225763,Kelsey Barnes,Podlasie,South Shanefurt,12089,255 Jeffrey Camp Suite 734,+48518434928
1955,17114649267,Gary Smith,Pomerelia,Skinnerchester,56221,68544 Taylor Ford Suite 424,+48892819512
1956,88828516672,Robert Weber,Silesia,Nathanborough,46270,360 Nguyen Orchard Suite 903,+48481753333
1957,73137213445,Ms. Laura Madden,Silesia,Donnafort,82836,2262 Jennifer Valleys,+48999224534
1958,15936758494,John Bell,Silesia,North Garyview,74141,2529 Garrett Village,+48198367941
1959,94968398153,Ricky Bush,Silesia,Kennethland,89110,7628 Delacruz Valley,+48226297675
1960,66186286649,Shawn Walters,Pemrania,Gloverville,55911,234 Timothy Views Suite 499,+48176888992
1961,71481517572,Mrs. Kathy Olsen DDS,Podlasie,Greerville,70849,7176 Jeremy Forest Apt. 581,+48793168624
1962,55683356749,Lisa Smith,Silesia,New Dean,40852,5202 Jason Plain Suite 349,+48218351941
1963,84992279177,Jaime Curry,Pemrania,West Charleschester,15108,37420 Amy Pike,+48782135393
1964,54997479486,Caitlyn Martinez,Masovia,Chavezberg,68438,78955 Daniel Gateway Suite 428,+48763858172
1965,65741446297,Jennifer Torres,Silesia,East Amberchester,15608,6742 Curtis Ports,+48949317543
1966,54592587485,Kelli Stephenson,Masovia,West Heatherchester,65966,03401 Smith Plaza,+48947472246
1967,32276369716,Jeffery Bean,Pemrania,Lake Jamesstad,41989,901 Hill Fords Apt. 626,+48117382456
1968,16489236198,Alvin Mendoza,Podlasie,East George,36970,254 Lee Manors,+48121883762
1969,91414672931,John Bush,Pomerelia,Margaretberg,62807,833 Mark Ridges Apt. 756,+48649833934
1970,35827985269,Mason Harris,Pomerelia,Sharpbury,23229,1498 Roberto Viaduct,+48646462914
1971,65817498222,Carol Morrison,Pemrania,Jamesside,78373,7525 James Plains,+48194994262
1972,77876277292,Angela Valencia,Masovia,Nicholasside,09141,597 Patricia Plains,+48815937247
1973,71681455895,Gregory Smith,Pomerelia,Abbottview,50705,553 Heather Club Suite 253,+48868272418
1974,55255749524,Jerry Edwards,Masovia,West Thomas,34557,0763 Donna Villages Suite 136,+48743868849
1975,37258646849,Debbie Anderson,Pemrania,Lindamouth,86508,604 Nathan Port Suite 831,+48885141455
1976,84768282545,Natalie Jones,Masovia,East Cindy,40299,8070 Carol Flat Suite 632,+48665419868
1977,91877366881,Lori Hunt,Silesia,North Danielshire,83110,678 Smith Track Suite 637,+48119482445
1978,66547384235,Ryan Jones,Kuyavia,Port Brian,55847,8567 Joseph Harbor,+48217789996
1979,48939961499,Scott Fletcher,Pemrania,North Jose,32746,586 Amber Meadows Apt. 820,+48499317228
1980,16232859245,Mark Gray,Masovia,Lake Stephenmouth,31325,623 Jennifer Extension,+48858389915
1981,66357861346,Manuel Sawyer,Podlasie,Bryanborough,62581,8551 Malone Shores Apt. 350,+48833548915
1982,63659997539,William Lyons,Kuyavia,Beckbury,46403,32398 Lynch Course,+48155952496
1983,21643152749,Stephanie Kelly,Masovia,Davidberg,19936,36603 Angela Hill,+48578628377
1984,26867697254,Wayne Wells,Silesia,North Lauren,20643,2156 Edwards Forest Suite 621,+48369262951
1985,17655958997,Mary Wilson,Kuyavia,New Jamie,82706,533 Marcia Expressway,+48839162769
1986,33581363191,Kimberly Buck,Masovia,East Jonathan,86339,917 Mora Ports Suite 966,+48914838686
1987,45574762658,Sandra Wise,Podlasie,South Richard,37028,5220 Short Spring,+48728518253
1988,21514325486,Katrina Morse,Pemrania,Lake Melissa,03720,275 Amanda Walk Apt. 036,+48236438552
1989,66652773523,Karen Wright,Pemrania,Allenland,42662,71106 Jones Burgs Suite 052,+48379997322
1990,39349199824,Joshua Wong,Masovia,Fernandofort,97977,773 White Villages,+48319453199
1991,81184969882,Morgan Love,Silesia,Gardnerfurt,42671,62734 Herman Plaza Suite 254,+48533158176
1992,96139535215,Austin Murray,Pemrania,Port Madeline,85016,37750 Crystal Shoals,+48748577281
1993,41915538696,Donald Diaz,Silesia,Spencerhaven,03835,4392 Clark Village Apt. 019,+48371288218
1994,47728537821,Cory Tate,Pemrania,Johnsonshire,23614,2192 Potter Path,+48816714614
1995,73749878359,Jennifer Reed,Pomerelia,Jonesland,78437,912 Miller Hills Apt. 192,+48935964871
1996,99318966583,Brian Patterson,Pemrania,Walkerport,62265,94404 Wallace Ridges Apt. 822,+48739912433
1997,44316819756,Lawrence Foster,Pemrania,New Matthewmouth,31515,738 Leonard Crossroad Apt. 883,+48314869179
1998,19359139765,Emily Paul,Podlasie,Angelafurt,40525,33845 Perry Crossroad,+48435833424
1999,17571445455,Nancy Adams,Kuyavia,Andersonborough,09617,9367 Cruz Summit Apt. 464,+48768935364
2000,17773478321,Annette Collins,Pemrania,South David,02474,7340 Jensen Vista Apt. 251,+48394873541
2001,26722327611,Angel Morgan,Kuyavia,Smithton,65369,4313 Paul Bypass,+48142996253
2002,53341386974,Dana Martin,Podlasie,Lake Andrea,31055,5653 Bianca Bypass,+48818743917
2003,57723136996,Mary Diaz,Masovia,Harveyside,90703,536 Elizabeth Hill,+48581469531
2004,79839229619,William Stone,Masovia,Nicholasmouth,57795,90029 Alvarez Unions,+48363719796
2005,14593371751,Angela Jackson,Pemrania,Alexanderview,74312,5527 Crystal Mills Suite 145,+48156359244
2006,36435485261,Jay Johnson,Pomerelia,Monicaburgh,14758,39024 Andrews Extensions,+48735657842
2007,82794165236,Bryan Wilson,Podlasie,East Ronaldville,87683,348 Wood Plaza,+48173955993
2008,29766672878,George Cox,Pemrania,Williamburgh,60980,0933 Natalie Heights,+48967627434
2009,65936816384,Rebecca Durham,Podlasie,Lake Ann,74366,4368 Cox Trafficway,+48696737344
2010,12298966828,Brandi Peters,Silesia,Hesschester,96852,17211 Booth Gateway Suite 737,+48561781653
2011,59884129454,David Bird,Pomerelia,Walterport,74502,17295 White Branch Suite 751,+48989129187
2012,45987898316,Scott Cline,Pemrania,Lake Natalieville,19577,9697 Rogers Parks Suite 604,+48596958125
2013,65176593493,Gregory Jones,Masovia,Mooremouth,83517,521 Brown Brooks,+48124689287
2014,17756434253,Ryan James,Kuyavia,Jackiefort,02025,39839 Wayne Street Apt. 007,+48663617874
2015,88629385144,Taylor Miller,Podlasie,Smithburgh,17102,276 Dickerson Green,+48675867968
2016,36474373827,Elizabeth Harrington,Podlasie,South Robert,70113,01478 Tim Cove Suite 666,+48164335786
2017,87547177629,Larry Armstrong,Kuyavia,Dianetown,25515,517 Kelley Walk,+48918932155
2018,38688435346,Barry Payne,Podlasie,Sydneytown,80891,597 Heath Walk,+48382694192
2019,25588941678,Heather May,Masovia,East Carolyn,68376,38788 Destiny Via Suite 542,+48445163619
2020,64263546232,Kayla Jones,Podlasie,Port Janet,40540,02431 Miller Center,+48876924457
2021,57545427691,Charles Kennedy,Silesia,South Laceyborough,18205,2907 Robert Estate,+48945192567
2022,59791421954,Todd Smith,Masovia,Kimberlyport,54272,886 Gray Neck Apt. 301,+48442516874
2023,54548329928,Kim Miller,Pemrania,Morrisonside,23567,886 Katherine Ford,+48855475766
2024,88671758961,Andrew Fisher,Masovia,South Zachary,70578,86891 Weaver Stream,+48164316699
2025,56916622328,Ryan White,Pemrania,Thomaschester,92628,3557 Luna Terrace,+48949465724
2026,99328699859,Robin Shaw,Kuyavia,Dawnshire,83630,5023 Christina Islands,+48889894979
2027,14391769978,Elizabeth Kim,Pemrania,Mitchellburgh,85038,8796 Henderson Trafficway Apt. 819,+48919367938
2028,82525481253,Richard Mason,Pomerelia,Jonesfort,64690,13920 Ricardo Springs,+48614166622
2029,15395193725,Marie Wheeler,Podlasie,Georgechester,16021,45443 John Rapids,+48978378439
2030,76683336146,Jennifer Simpson,Pemrania,West Adrian,57342,689 Briggs Fork Suite 710,+48592271112
2031,46992992783,Leah Hodge,Kuyavia,North Miguel,09790,0376 Nicholas Ferry Suite 536,+48654279755
2032,61265243698,Kristina Fisher,Pemrania,Simmonsport,70594,590 Carpenter Summit Apt. 360,+48135625778
2033,31262228266,Theresa Blake,Pomerelia,New Mary,09017,0454 Laura Shoal,+48276955116
2034,23577499217,Dawn Trevino,Podlasie,Brookeville,40614,207 Nichols Mountains,+48324134437
2035,98582238693,Michelle Carr,Silesia,Alexandrahaven,86795,7647 Arnold Greens Apt. 998,+48548492573
2036,75681246454,Sarah Davis,Kuyavia,Lake Johnstad,47330,919 Saunders Forge Apt. 633,+48227749625
2037,74942348671,Scott Maynard,Pemrania,West Christopherland,53879,0221 Bianca Mews Suite 823,+48638843365
2038,97165414698,Michael Chandler,Pomerelia,West Pamelaside,57318,5750 Kimberly Coves,+48123285433
2039,72652754439,Kimberly Shaw,Silesia,Chrisfurt,63805,42720 Smith Squares Apt. 812,+48947152313
2040,65456417473,Jordan Reynolds,Silesia,Lawsontown,35524,6379 Robert Passage,+48618244317
2041,23723443264,Dana Scott,Pemrania,New Keithview,48427,0342 Wheeler Centers,+48399634256
2042,71549821815,Nicholas Bowman,Kuyavia,Cooperhaven,47036,399 Carla Route Suite 046,+48927337174
2043,92874445891,Taylor Schwartz,Kuyavia,Mortonfurt,93129,563 Gomez Wall,+48135747665
2044,94544924628,Carl Patterson,Pemrania,Tabithatown,09642,8781 Kaitlyn Radial Suite 546,+48458734569
2045,27574364251,Carolyn Evans,Kuyavia,Port Joseph,24479,5352 Rebecca Parkways Suite 039,+48925363133
2046,28628435684,Earl Walker,Pomerelia,Gonzalezburgh,75829,440 Christopher Views Apt. 734,+48472961798
2047,75719222378,Roger Morrow,Masovia,Bassmouth,24566,72037 Anderson Walks Suite 986,+48559771792
2048,87637381443,Steven Lopez,Pomerelia,South Noahmouth,70901,3638 Tammy Path,+48483277616
2049,42483265577,Scott Harvey,Pemrania,Port Jonathanstad,34563,69478 Collier Shore Apt. 191,+48257345471
2050,21227539474,Felicia Davis DVM,Kuyavia,East Andrew,29771,843 Clayton Dam,+48298133376
2051,82972362757,Phillip Butler,Pemrania,Juliaport,36057,51654 Theresa Rest,+48399927214
2052,57411538449,Joshua Russell,Silesia,Tiffanychester,84200,25834 Thomas Street,+48168145446
2053,17491657394,Rebecca Moore,Pomerelia,Kimberlystad,60366,60256 Dunn Walks,+48795581334
2054,93687689836,Dominic Johnson,Pemrania,Anthonyport,70870,0202 Samuel Villages Suite 226,+48424652362
2055,21515293358,Bryan Mccullough,Masovia,West Billyfort,11331,81479 Deleon Village,+48371686976
2056,44382961734,Jason Roberts,Pomerelia,Port Michael,78081,1810 Justin Brook,+48436834597
2057,69673226323,Mitchell Deleon,Kuyavia,Armstrongmouth,25501,7348 Ronald Crossroad Apt. 452,+48427874458
2058,52929511498,Michaela Galloway,Pomerelia,New Ronnieberg,21106,039 White Fort,+48132812576
2059,98761866187,Jessica Nguyen,Masovia,Christinabury,10946,5214 Jessica Common,+48243285858
2060,92882986356,Rebecca Williams,Silesia,New Matthew,67884,834 Martinez Plains Suite 675,+48427892971
2061,27722285298,Jason Murphy,Podlasie,West Ashleyshire,90351,20979 William Garden Apt. 790,+48217175889
2062,47229924693,David Brooks,Podlasie,West Stephen,98075,29366 Macdonald Courts,+48747938343
2063,45788333854,Brianna Richardson,Silesia,Karenland,09154,48728 James Wall,+48611766844
2064,35739553546,Kara Gonzalez,Podlasie,Russellburgh,13814,6068 Elaine Views,+48766292433
2065,74726138758,Whitney Roy,Podlasie,Jasonburgh,05157,052 Yvette Landing,+48667431248
2066,35442967542,Emma Smith,Silesia,Aguirrechester,25023,130 Dana Mountains Suite 813,+48522473315
2067,55299272623,Deanna Ward,Pomerelia,Kerrstad,12852,0694 Holland Cliff,+48928232832
2068,59146915393,David Atkinson,Kuyavia,West Jeffrey,49424,55202 Conway Road Suite 774,+48938975626
2069,71985934478,Amy Mccullough,Pomerelia,Erictown,39727,775 Blackwell Curve,+48433582722
2070,37489699323,John Miller,Silesia,Port Brianborough,85316,72051 Joel Underpass,+48595914136
2071,43263397926,Bryan Oliver,Masovia,Harperland,10229,3785 Fowler Estates Apt. 425,+48171213618
2072,89871157579,Valerie Gutierrez,Pemrania,South Juanchester,59261,0632 Moreno Track,+48723278224
2073,46476953858,Charles Bell,Kuyavia,South Christopher,27474,628 Grant Island,+48447862332
2074,69727882379,Alexis Richardson,Kuyavia,Hardinchester,76321,613 Norris Common Apt. 646,+48676888565
2075,87472221572,Michelle Wallace,Podlasie,South Amber,20100,2356 Hansen Grove Suite 955,+48582523887
2076,88855558913,Sabrina Taylor,Kuyavia,Lloydbury,41198,82532 Brown Points,+48413576517
2077,13733742811,Lawrence Foster,Pomerelia,West Rebekahtown,49132,38548 Henderson Heights,+48433369561
2078,53299724873,Destiny Stone,Silesia,Ruizville,19977,48237 Anthony Locks,+48694165757
2079,35965279769,Tommy Martinez,Kuyavia,North Scott,54996,2235 Gordon Inlet Suite 948,+48267487736
2080,55171247819,Katherine Burns,Masovia,New Daniel,50240,59723 Emily Drives Apt. 113,+48594419686
2081,48575633345,Justin Davis,Podlasie,Meghanfort,69930,351 Debbie Shores,+48796428997
2082,91517168297,Rachel Dyer,Podlasie,North Kelsey,94542,848 Watkins Curve,+48239735244
2083,27383633988,Patrick Johnson,Kuyavia,New Deniseborough,33908,38635 Nicole Ports Suite 882,+48741315927
2084,93982594948,Samuel Petersen,Pomerelia,Port Andrew,19510,92441 Smith Lakes,+48911618291
2085,91629897827,Mrs. Elizabeth Rivas,Kuyavia,Port Shannon,07933,35098 Jackson Parkways,+48151128379
2086,84894196562,Michael Martin,Kuyavia,Port Michelebury,81226,725 Church Island Suite 333,+48141844526
2087,81647852797,Erik Barnes,Silesia,Tracyborough,69772,4631 Kyle Island,+48457692675
2088,53245124378,William Kerr,Kuyavia,Davidport,35875,0413 Murillo Spring,+48848593749
2089,68644253573,Nichole Wright,Podlasie,Patriciaville,25222,427 Stark Radial Apt. 479,+48365927291
2090,16271356634,Anthony Frye,Pomerelia,West Shawn,66714,028 Lopez Via,+48466475683
2091,37642161967,Dawn Anderson,Pomerelia,Stevenside,08064,88779 Krista Plains,+48898817344
2092,74219999994,James Bishop,Silesia,Lake Brentside,09520,600 Mathis Keys Apt. 646,+48414953655
2093,13217241528,John Curtis,Masovia,Port Nicole,64646,62211 Michael Bridge Apt. 663,+48649999972
2094,69989383739,Michael Shields,Kuyavia,South Richardstad,51863,18199 Curtis Branch,+48749163766
2095,51714968282,Brandon Tucker,Pemrania,Kevinchester,08914,2871 Morales Keys,+48266992459
2096,27892786288,Luis Smith,Pomerelia,Port Julia,98933,28536 Adams Crest Suite 919,+48898795921
2097,26284921935,Olivia Clark,Podlasie,Port Francisco,53932,421 Bender Dam Apt. 540,+48889186468
2098,64421838785,Lauren Lee,Silesia,New Juan,01326,090 Huber Mountain,+48711824165
2099,59472789832,Kathleen Smith,Silesia,Jesusmouth,98590,165 Lance Ramp Apt. 480,+48194187172
2100,47494743566,Christopher Martinez,Silesia,Port Bethfurt,33214,010 Michael Spur Suite 039,+48197459277
2101,91718848579,Thomas Gill,Podlasie,Ryanchester,22988,250 Chaney Spur,+48474943491
2102,58511591934,Lisa Campbell,Silesia,New Karenburgh,99551,118 Davis Fort,+48183332326
2103,84974953461,Keith Benton,Podlasie,North Mariamouth,32986,67193 Monroe Forks,+48812514611
2104,97454378268,Bradley Nelson,Pomerelia,Port Joel,53860,4691 Rodriguez Light Suite 742,+48544389316
2105,86133396282,Derek Russell,Masovia,East Christianstad,34323,550 Bailey Courts,+48434692189
2106,58238152719,Sarah Smith,Masovia,Tonyaview,64166,93123 Caleb Meadows,+48937841852
2107,32664286584,Ashley Myers,Silesia,Stevensonberg,25913,32409 Michael Orchard Suite 250,+48789436789
2108,61388326675,Monica Ross,Masovia,Hillton,29189,5848 Oneal Harbors,+48994282318
2109,23761378617,John Perez,Podlasie,Ericksonport,89170,592 Griffin Curve,+48142943426
2110,62449884679,Brittany Gibson,Kuyavia,Port Pamelaberg,76377,421 Dana Causeway Apt. 722,+48579792765
2111,92694737929,Mark Pratt,Pemrania,Welchbury,48523,064 Jensen Points,+48465556463
2112,97358797211,Samuel Parsons,Podlasie,Bobbybury,36553,9410 Brian Locks Apt. 201,+48461319993
2113,33269287394,Kirk Ortiz,Podlasie,Bennetttown,85535,488 Garcia Plains,+48925419832
2114,71558882353,Richard Reeves,Kuyavia,Rubenchester,19565,29427 Ryan Fort Suite 159,+48977113518
2115,42642122131,Jasmine Holland,Silesia,West Kayla,12798,35465 Avila Harbors Suite 307,+48593843832
2116,41831719938,Lisa Adams,Podlasie,New Justinborough,48397,40985 Mercado Gateway Suite 351,+48567656631
2117,36773933946,Dawn Savage,Pomerelia,Kington,34383,717 Morgan Trail,+48712698526
2118,86431224586,Richard House,Pemrania,Tiffanyborough,18017,069 Lewis Spur Suite 431,+48345931223
2119,47958654614,Daniel Reed,Podlasie,Flowersville,46154,258 Karen Prairie Apt. 186,+48319939811
2120,33657725183,Donna Calhoun,Pemrania,Richardsshire,86693,1438 Craig Stream Suite 410,+48185926541
2121,77464496235,Terry Taylor,Pomerelia,Kristinberg,01062,56126 Hunter Burgs Suite 105,+48848747167
2122,42142259331,Aaron Burke,Silesia,Kingport,09165,48339 Sarah Parkway Suite 347,+48995432526
2123,94317815949,Nicole Lee,Pomerelia,Jamesfort,39180,374 Perez Pike Apt. 821,+48814892788
2124,92547822717,Ashlee White,Pemrania,Lake Shawnaport,91815,40226 Brittney Place,+48619758183
2125,16644936351,Shannon Sullivan,Kuyavia,Lake Patrick,44832,054 Frey Vista Suite 099,+48297279451
2126,95549158789,Donna Bird,Masovia,Castilloburgh,14349,258 Little Village,+48513851658
2127,33565864837,Steven Jenkins,Silesia,Lake Emilyfort,58992,48000 Walker Causeway Suite 993,+48458484973
2128,12515685773,Sarah Conrad,Silesia,Morganview,01843,395 Mcgee Course,+48928551362
2129,98873445844,Michael Williams,Podlasie,East Kaitlynland,52028,03778 Fisher Port Apt. 634,+48967725154
2130,47768497185,Timothy Ward,Pomerelia,Port Jennifer,07086,0425 Torres Road Suite 536,+48452832763
2131,42437195263,Kathleen Higgins,Masovia,Lewisside,21939,04756 Heather Lodge Suite 305,+48541392544
2132,88295834331,David Solomon,Pemrania,Lake Xavierside,26245,4499 Moyer Manor Apt. 198,+48921451239
2133,86793843369,Danielle Harris,Podlasie,South Allisonport,41039,3310 Kristen Corner Apt. 514,+48588212533
2134,29963546887,Kirk Hall,Podlasie,South Charles,45708,0102 John Wells,+48867447867
2135,66139555693,Tammy Reyes,Masovia,West Danielside,36463,97333 Ann Underpass,+48311314795
2136,55494191829,Paul Wilkinson,Pomerelia,Stephensstad,52031,0388 James Isle,+48733136616
2137,51249799396,Dawn Vargas,Podlasie,South Ericville,32245,531 Davis Square Suite 129,+48679865348
2138,86169333484,Terri Anderson,Pomerelia,Lake Shawnmouth,50428,47730 Ross Springs,+48584718216
2139,36796194788,Ryan Day,Masovia,Allenberg,99305,32705 Henderson Grove,+48463222987
2140,35459729259,Latoya Johnson,Pemrania,Jonathanhaven,38568,604 Lara Port,+48149214221
2141,52937281162,Jay Lawrence PhD,Masovia,West Alyssahaven,40459,98662 Michael Village,+48695512738
2142,53335979446,Debra Duran,Silesia,Aguilarview,26538,72506 Graham Harbors Suite 791,+48612976476
2143,72556481544,Suzanne Harris,Kuyavia,Port Jesse,69403,779 Kimberly Lakes,+48423994153
2144,16258127719,Manuel Jones,Silesia,Matthewton,54454,4555 Roy Knoll Apt. 513,+48441589768
2145,92978855953,John Blackwell,Silesia,East Angelaberg,67903,743 Jones Camp,+48394153123
2146,16734684896,Kim Guzman,Podlasie,Freemanfurt,08187,4523 Nina Islands,+48514343744
2147,36232447641,Douglas Allen,Kuyavia,Jonesborough,80510,02234 Gonzalez Village,+48526437697
2148,46596673391,Jeanne Davis,Silesia,South Christopherport,24779,328 Sloan Street,+48228738124
2149,87872483421,Michael Maddox,Pomerelia,Salashaven,83023,332 Joan Square,+48111165395
2150,16245591367,Brandon Bennett,Pomerelia,Brownview,77248,6932 James Turnpike Suite 745,+48486518736
2151,62274368822,Mary Fowler,Masovia,Blackwellstad,13507,192 Kevin Spring Apt. 688,+48786932177
2152,78863168757,Terry Webb,Kuyavia,Stewartton,01078,91019 Morgan Estates Suite 350,+48274197853
2153,14374385861,Terry Kent,Silesia,West Jamesfurt,64516,833 Arias Greens Apt. 910,+48971854296
2154,72144762632,Catherine Davis,Kuyavia,Port Amanda,56103,4331 Alexandra Square Apt. 700,+48132794931
2155,83832697727,Robert Branch,Silesia,Singhview,39580,4599 Hickman Street Suite 738,+48467281892
2156,98184815669,Stephanie Key,Masovia,East Darlene,71832,6483 Miller Parkway,+48787587876
2157,77711441718,Andrew Friedman,Silesia,South Richard,08432,5130 Angela Mountain Apt. 380,+48998913812
2158,73536984166,Gerald Smith,Pomerelia,Port Michael,95841,90672 Jeffrey Mountain Apt. 709,+48249922539
2159,42198719385,Chris Rodriguez,Silesia,Vasquezton,71304,5784 Debra Cliffs,+48632249177
2160,53426189432,Becky Rose,Pemrania,Tylertown,12851,43431 Joshua Track Suite 260,+48569372214
2161,98216729313,Angela Perkins,Kuyavia,Martinview,18052,13508 Baxter Locks Suite 450,+48615549326
2162,24426526486,Phillip Jones,Silesia,North Erik,97163,328 Williams Neck,+48849631951
2163,43469276277,Zachary Watson,Kuyavia,Staffordtown,06697,80410 Gonzales Crossroad Apt. 184,+48486789857
2164,99182632324,Arthur Jenkins,Masovia,Audreyfort,36329,499 Buckley Ford,+48841273946
2165,86368376141,Katie Peters,Kuyavia,West Katherinefurt,85192,76286 Evans Street Suite 794,+48397958874
2166,81275245397,Peter Ryan,Kuyavia,Lake Yolandaton,60178,174 Deborah Isle Suite 653,+48692216143
2167,48959472468,James Rodriguez,Masovia,Robertton,46291,40314 Steven Avenue Suite 120,+48649953398
2168,67367972985,Amy Reyes,Kuyavia,South John,18035,6688 Suarez Islands,+48857152636
2169,35427617637,Kathleen Miller,Masovia,West Cynthia,55824,3022 Jeremy Road Suite 520,+48151739795
2170,91511563697,Catherine Hart,Pomerelia,Port Michaelton,81878,69410 Wagner Village Suite 654,+48691254889
2171,35611843932,Michael Moore,Pemrania,Anthonyberg,99131,6069 Michele Square Suite 862,+48693596932
2172,79224625473,Sheri Ritter,Podlasie,Carrilloville,86348,48644 Scott Shoal Apt. 560,+48234752229
2173,88391948666,Christopher Alvarado,Pomerelia,West Jamesborough,56337,84804 Moreno Circle,+48653797183
2174,38985865156,Renee Zimmerman,Podlasie,Brittanyton,43037,0574 Schroeder Islands Suite 101,+48721525592
2175,62145979894,Jacob Wood,Pomerelia,West Troy,83045,2337 Dixon Tunnel,+48744191561
2176,47132294161,Erika Jackson,Pemrania,Katrinaland,80650,860 Sexton Centers Suite 468,+48354963692
2177,27553836255,Jessica Jenkins,Podlasie,East Michael,28000,9176 David Cliffs,+48649281287
2178,89283928288,Nicole Larsen,Masovia,Kristenside,96139,89175 Anna Divide Suite 660,+48241265736
2179,92265648276,Gerald Mitchell,Pomerelia,Wilcoxfort,95286,0200 Zachary Route,+48889271245
2180,52912492233,Timothy Moore,Podlasie,Fletcherberg,17518,6678 Angel Court,+48544952742
2181,29878198386,Kayla Little,Pemrania,East Eugenemouth,16468,8880 Meghan Fork,+48955188142
2182,31491314332,Paul Ferguson,Pomerelia,West Zachary,52483,5761 Browning Cove Apt. 515,+48146761863
2183,93719258951,Jeremy Rogers,Podlasie,Lake Susan,59691,751 Edwards Stream Apt. 169,+48392924973
2184,11588993837,James Harvey,Pemrania,Mcdowellside,25690,55569 Michelle Junction,+48579767662
2185,82165637286,James Williams,Pemrania,North Ryantown,77386,9063 Edward Plaza,+48175543774
2186,99784191179,Ricky Rodgers,Kuyavia,North Brenda,21296,358 Philip Meadows,+48656582596
2187,25983882516,Deborah Hancock,Silesia,Port Amy,85136,28298 Espinoza Manor,+48297382235
2188,31516537771,Linda Ferrell,Masovia,Lake Martha,25515,54127 Riggs Shoals Suite 181,+48246855338
2189,63815748158,Lori Schmidt,Podlasie,South Angel,87964,0020 William Road Suite 054,+48614482813
2190,62361732654,Matthew Mason,Pemrania,South Amanda,53261,612 Horton Ridge Suite 673,+48544897227
2191,66448583526,Kelly Dougherty,Masovia,West Stacey,37949,3904 Christopher Cliffs Suite 148,+48764576321
2192,83653717988,Brian Molina,Pomerelia,South Sherri,82935,076 Timothy Terrace Suite 738,+48953791797
2193,52432958462,Laura Kennedy MD,Kuyavia,South Justinberg,06288,328 Tara Stravenue,+48753661762
2194,72462917774,William Martinez,Pemrania,Brittanystad,34628,279 Gonzalez Forest Apt. 242,+48791479421
2195,46624624922,Jessica Jarvis,Pomerelia,West Jennifer,53396,0731 Clark Station,+48244141489
2196,35525145383,Tammy Boyer,Pemrania,Millerfurt,31530,733 Walker Street Suite 728,+48397249432
2197,49392841727,Dr. James Hawkins,Masovia,Lindsayport,54642,0355 Paul Loaf Apt. 232,+48347532599
2198,93424289887,John Barnes,Kuyavia,North Brad,93375,79553 Lacey Forge Apt. 843,+48998786582
2199,91951692435,Richard Cook,Podlasie,Lake Tracy,58622,981 Kelley Circles,+48249929562
2200,62925474887,Rachel Padilla,Pemrania,Patriciashire,18424,60813 Bell Flat,+48739657973
2201,44357559923,Melissa Lewis,Kuyavia,Seanshire,48909,753 Cooper Views,+48447343842
2202,62918338296,Jennifer Price,Pemrania,Lake Richardside,40573,9719 Maynard Highway Apt. 595,+48673474684
2203,21995285257,Alexandra Mills,Pemrania,Jeffreyville,83790,956 Bryan Lights,+48777168622
2204,51152828794,Dawn Chapman,Masovia,East Shannonport,31945,9027 Trevor Vista,+48912769125
2205,63166418277,Andrew Young,Podlasie,North Tammy,86067,5555 Gonzales Greens,+48242245341
2206,72515241459,Jordan Delgado,Pemrania,South Williamland,19907,391 Alexander Summit,+48849681397
2207,34196617697,Lori Patel,Podlasie,North Monica,94893,0753 Ashley Keys Apt. 477,+48476421378
2208,78335268361,Kimberly Watson DVM,Silesia,Lake Kimberlyhaven,15356,7476 Mario Freeway,+48347268697
2209,24893781236,Gregory Graham,Kuyavia,Stephensonside,92249,29560 Travis Coves,+48245437726
2210,78682446588,Taylor Hobbs,Masovia,North Danielfort,81181,49060 Shaffer Pass,+48957374478
2211,48563474247,Rebecca Miranda,Pemrania,New Andresbury,11601,229 Allen Field,+48869795135
2212,58586442747,Anthony Long,Silesia,West Julietown,61214,15170 Johnson Spurs Apt. 026,+48742315185
2213,55421789472,Sean Hutchinson,Pomerelia,Christophershire,32487,2825 Holland Junctions,+48344288398
2214,11225258469,Aaron Gates,Podlasie,Nicholsburgh,21750,044 Brooks Centers Suite 032,+48163121141
2215,94672521665,Kelli Barnett,Pemrania,Lake Ryanberg,89745,2831 Kaylee Trafficway,+48127192767
2216,78135615689,Samantha Lopez,Pomerelia,Port Kathleenshire,98409,30171 Garza Loop,+48144933974
2217,33399434126,Angela Lee,Silesia,New Douglas,64214,4871 Cody Heights Suite 104,+48726415778
2218,28153836134,Scott Zamora,Pomerelia,South Debra,52242,9443 Jamie Ridges,+48753386434
2219,85283488722,Jeffery Marsh,Kuyavia,New Beckyfort,33758,37987 Moore Junction,+48326785684
2220,92347921355,Andrea Moreno,Kuyavia,Lake Tammybury,26443,394 Fischer Stream Apt. 275,+48468335168
2221,58871155369,Julian Lee,Pemrania,Port Jessica,31418,428 Brittany Plaza Suite 733,+48697921281
2222,98889736921,Angela Mills,Silesia,South Haleyton,80476,4301 Ruiz Throughway Apt. 351,+48967432334
2223,11892517569,Joshua Williams,Podlasie,Prestonville,31052,469 Manning Isle Suite 807,+48519676361
2224,25572188697,Kenneth Beck,Silesia,New Judy,98695,349 Jennifer Fields Apt. 444,+48878694979
2225,63977267312,Janice Velasquez,Pomerelia,Underwoodside,91216,086 Stephenson Rest Apt. 729,+48573993311
2226,35198196646,William Anderson,Pomerelia,Lake Lauraport,51815,7708 Linda Mountains,+48572767563
2227,14859675526,Tracy Cross,Pomerelia,South Leslieville,63793,8756 Jacqueline Route,+48439911921
2228,14297632929,Ariana Dean,Masovia,Collierfort,22335,794 Casey Tunnel,+48755597154
2229,92119214146,Regina Cook,Kuyavia,New Walterside,52324,47383 Ramirez Prairie Suite 517,+48178686355
2230,18923698647,Tiffany Smith,Pemrania,Port Amber,02535,3988 King Trail Suite 235,+48859127546
2231,78212624182,Michael Perez,Masovia,Peterland,92945,8645 Sanchez Place Apt. 002,+48213656485
2232,13774713236,Lisa Nguyen,Podlasie,Ashleybury,99798,6496 Julia Common,+48766879615
2233,99721877371,Rebecca Fields,Silesia,Lake Amber,18481,9141 Ortiz Island,+48534612315
2234,34362446445,Michael Flores,Silesia,North Cynthiaton,56268,09059 Alexandra Shores,+48447466289
2235,38739872678,Vincent Edwards,Kuyavia,Shelbyville,84420,298 Cody Throughway,+48897642686
2236,69717687981,Megan Moore,Podlasie,East Stephenville,61213,6561 David Overpass,+48165243435
2237,33342362934,David Berry,Pomerelia,East Shannonmouth,38473,5961 Joseph Port,+48868841979
2238,99414781738,Miss Susan Lewis DVM,Pemrania,Lake Michellestad,20803,31837 Wood Square Apt. 640,+48891448366
2239,51966339446,Amy Mendez,Silesia,Carriefurt,03564,7757 Phillips Streets Apt. 442,+48258946776
2240,38836183998,Jillian Rodriguez,Podlasie,Schmidthaven,87830,1264 Mccoy Ridges Apt. 813,+48851236957
2241,81254897917,Travis Romero,Pomerelia,Robertton,89595,01037 Hunter Junction Apt. 171,+48189796765
2242,75512762528,Daniel Hanna,Podlasie,Jamesmouth,69155,3976 Melinda Meadows,+48837335362
2243,17491369977,Gregory Jackson,Podlasie,North Emilyberg,38686,176 Charles Corner Apt. 936,+48733279688
2244,45174436388,Michael Bradshaw,Pemrania,Johnsonside,18088,2477 Charles Islands,+48965376958
2245,97218848565,John Schroeder,Pemrania,Johnstad,17941,7260 Ryan Ridge,+48224837413
2246,98295633541,Teresa Williams,Pemrania,Thomasport,80746,0881 Johnson Heights Suite 785,+48143451656
2247,66976265965,Brett Warren Jr.,Pomerelia,North Peterberg,20099,914 Rice Inlet Apt. 841,+48591228537
2248,66179545963,Jeanne Byrd MD,Podlasie,Caitlinport,04106,95191 Davis Cove,+48513486641
2249,76968262919,Lacey Casey,Silesia,North Ryan,69636,589 Thomas Burg Suite 607,+48921392712
2250,99694456271,Linda Wood,Pomerelia,Simmonston,75961,0531 Ashley Stravenue Apt. 069,+48432976623
2251,67745784825,Ricardo Nguyen,Pemrania,Manningmouth,12753,1897 Tran Dale,+48576753862
2252,85492963229,Teresa Phillips,Kuyavia,Matthewmouth,41944,20244 Shaw Stravenue,+48223983638
2253,57833428141,Mitchell Stokes,Pomerelia,West Raymondfort,02907,71326 Huffman Springs,+48345744163
2254,42492634259,Sandra Galvan,Kuyavia,Shepardfurt,63515,88239 Kane Ridges Suite 763,+48654434975
2255,41796945585,Robyn Allison,Silesia,New Morganbury,59220,59744 Lawrence Harbors,+48198778434
2256,93827282864,Brad Chung,Masovia,South Jacquelineshire,78222,4539 Kelly Place,+48739341596
2257,45845971374,Tyler Bowers,Masovia,Ericafort,17537,0900 Berg Track Apt. 734,+48853244765
2258,88463646465,Sean Chavez,Podlasie,Port Kelly,47731,53224 Gina Brook Apt. 822,+48879118367
2259,73233259916,Nicholas Bolton,Pemrania,Lake Allisonstad,02139,9776 Phillip Overpass Apt. 264,+48749441393
2260,19336938655,Lee Copeland,Masovia,East Heather,68961,88020 Anderson Island Apt. 072,+48863957973
2261,63121662684,Janice Woodard,Pomerelia,East Elizabethchester,60134,6761 Richard Villages,+48897124418
2262,96862575166,Julie Higgins,Pomerelia,New Gregoryfort,89516,30286 Newton Burgs Apt. 473,+48923371674
2263,64745664596,Emma Greene,Podlasie,West Robertside,14389,99104 Henry Parkway,+48717756382
2264,26777224688,Deborah Smith,Silesia,Ramirezton,91342,957 Anderson Crescent Suite 872,+48836454127
2265,11839619739,Mario Clark,Pomerelia,Marktown,65656,1125 Perkins Vista,+48713743146
2266,15197691543,Jay Foster,Kuyavia,Port Meghan,26256,80927 Richard Prairie Apt. 130,+48735853113
2267,52183471825,Theodore Gonzalez,Podlasie,Lake Shannon,87908,598 Shannon Neck Suite 011,+48713931861
2268,46772482345,Jon Moss,Pemrania,Justinhaven,49497,6468 Short Trace Apt. 795,+48741327972
2269,62382172279,Nancy Lopez,Silesia,Stacyfurt,88080,28789 Ashley Union,+48442761554
2270,22958348116,Joseph Coffey,Silesia,East Jenniferstad,37701,55774 Lawrence Forks Suite 910,+48263833718
2271,53413435717,Marcus Irwin,Kuyavia,South Justinberg,50641,4840 Holden Pike Suite 184,+48874381724
2272,58276967163,Jean Peterson,Masovia,South Samantha,56220,6565 Patricia Junctions Apt. 629,+48495657845
2273,64194632429,Tracey Jensen,Podlasie,Bradleymouth,38060,96282 Collins Ports,+48233595519
2274,41166384266,Angela Gordon,Pomerelia,Erikfort,22186,35983 Morales Radial,+48873912412
2275,57332787625,Heidi Reyes,Pemrania,Wandaborough,75679,494 Welch Pine Apt. 763,+48346379831
2276,91675897563,Willie Riggs,Masovia,West Markburgh,44638,572 William Flats Apt. 404,+48952239356
2277,74157258288,Melissa Carpenter,Kuyavia,South Sarahfort,22925,67845 Kristina Lakes,+48733519439
2278,62675494855,Marc Johnson,Masovia,Jonesport,48250,45345 Deborah Estates Apt. 209,+48479136934
2279,88295163221,Martha Clark,Silesia,East Dawnport,09821,373 James Freeway,+48454157671
2280,41617834884,Mark Hull,Silesia,Patriciaburgh,58786,501 Amanda Lodge,+48795878468
2281,52682434637,Chelsea Hopkins,Pemrania,Jasonmouth,84559,440 Smith Expressway Apt. 590,+48449788525
2282,42453819734,Robert Melton,Pemrania,Clarkeshire,62185,4824 Nunez Lakes,+48846326848
2283,28198874978,Patricia Boyd,Kuyavia,North David,04851,2727 Sheila Roads Suite 986,+48768961911
2284,26251843419,Mr. Joshua Ewing Jr.,Pemrania,East Marc,73829,76016 Campbell Dale Apt. 520,+48321678965
2285,16638988727,Leonard Lopez,Masovia,Whitemouth,10045,13757 Juan Path,+48866358677
2286,83865413557,Nancy Thomas,Pemrania,New Christopherchester,55028,11556 Teresa Wall Apt. 458,+48833458457
2287,26694935932,Brian Mcneil,Silesia,North Katherineland,68516,619 Shawn Viaduct Apt. 647,+48927535267
2288,21865827979,Dr. Adam Stewart Jr.,Pomerelia,New Danielstad,63483,5480 Conley Rest Suite 233,+48825828272
2289,43259778487,Jennifer Heath,Podlasie,South Amanda,24831,16918 Sawyer Spring,+48874819332
2290,56814491721,Kristie Taylor,Masovia,West Richard,42182,70606 Colleen Street Suite 832,+48445391149
2291,57173467631,Heather Roberts,Kuyavia,South Brian,31569,430 Marissa Streets Apt. 193,+48248323597
2292,96314352483,David Murphy,Pemrania,East Georgeside,87517,1416 Michael Springs Suite 917,+48224848461
2293,79446257948,Elizabeth Craig,Pemrania,Nicholsonborough,88618,37733 Veronica Fields Apt. 636,+48175737831
2294,39167933986,Alexandra Bailey,Masovia,East Alexisview,15780,72436 Baker Center,+48113834132
2295,83557876222,Brittany Taylor,Kuyavia,Juliashire,59449,01256 Kristen Glen,+48498834818
2296,77614914319,Amy Dean,Pemrania,New Michaelmouth,50098,52566 Natalie Terrace Apt. 934,+48121828694
2297,24987729352,Vanessa Sanders,Silesia,Dianaberg,26990,983 Gillespie Parkways Apt. 202,+48781418867
2298,46546798767,Jill Downs,Pemrania,Port Tracyview,60153,8368 Watts Trace Apt. 554,+48194783325
2299,84597681816,Jimmy Fletcher,Masovia,Deborahchester,78560,322 Antonio Well Apt. 472,+48156823788
2300,26118395544,Amanda Grant,Silesia,East Brooketon,29161,865 Hill Pike Suite 797,+48618671315
2301,46453186669,Steven Howard,Masovia,Erintown,43737,5683 Julie Field Apt. 978,+48863161263
2302,66146635491,Sierra Sweeney,Pemrania,West Kim,16990,627 Anthony Club Apt. 123,+48896864278
2303,28786673667,Amy Scott,Masovia,Burtonton,30108,7670 Odonnell Gardens Apt. 138,+48719877593
2304,42614397599,Ms. Kimberly Odonnell MD,Kuyavia,South Rhonda,53716,1577 Coleman Highway,+48419649764
2305,62988251112,Chelsea Horn,Silesia,Parkermouth,21454,977 Amber Avenue,+48244769628
2306,16747495489,Valerie King,Kuyavia,North Kevinstad,18558,051 John Summit,+48374168285
2307,82579546752,Angela Morgan,Podlasie,Lewisfort,07342,833 Ashley Club Suite 415,+48674592456
2308,11192527347,Angela Mitchell,Podlasie,Rayland,24030,28591 Arthur Divide,+48114435824
2309,14467922428,Ian Waters,Kuyavia,Fitzpatricktown,17451,410 Jamie Walks,+48923875121
2310,16277527773,Brandi Mckenzie,Masovia,Kaylaborough,01743,805 Doris Estates Apt. 469,+48941757179
2311,42196416169,Sean Fischer,Podlasie,Port Lorettaville,02230,15464 Stanton Union,+48692142591
2312,67499141778,Brenda Howard DDS,Kuyavia,Campbellmouth,46741,79596 Rose Summit,+48421455837
2313,57169919299,Brenda Heath,Silesia,West Tinaborough,14693,22136 Suzanne Throughway,+48718345225
2314,68954368944,Juan Coleman,Podlasie,Brianport,29843,8659 Patel Corners,+48973749467
2315,19969257262,William Henderson,Silesia,Tonyastad,97443,38521 Vasquez Estate Suite 027,+48316161934
2316,82412271714,Joseph Williams,Podlasie,West Sonya,74503,97799 Joshua Light Apt. 809,+48754223847
2317,65967316454,Jeanette Little,Masovia,Blackburnmouth,94783,4842 Payne Islands Apt. 334,+48863116736
2318,87565375973,Donald Fischer,Pomerelia,Port Jose,90168,07872 Matthew Burg,+48911648181
2319,36971486818,Robert French,Pomerelia,East Shane,03516,2801 Hayes Road Suite 796,+48349979464
2320,16768537664,Mark Pearson,Pemrania,New Tarashire,08138,0160 David Forges Suite 993,+48928169384
2321,36262485861,Mark Crane,Masovia,Hillport,31562,67521 Anthony Mills,+48868721247
2322,52459936714,Christian Foster,Podlasie,West Edwin,60511,5453 Christopher Street,+48833481756
2323,99988894311,Scott Stafford,Masovia,Bryanton,19504,0290 Stephen Extensions,+48518354829
2324,99129429575,Ian Lee,Pomerelia,Travisburgh,04797,9640 Ray Cliff Suite 112,+48267884246
2325,16324144518,Shannon Walter,Kuyavia,New Nicholas,95856,639 Timothy Branch Apt. 888,+48612456716
2326,41232887284,Bradley Campbell,Pemrania,West Lisaborough,17729,82588 Pope Meadow,+48417953141
2327,22175264915,Christopher Walker,Podlasie,Timothymouth,38106,93058 Wade Neck Suite 396,+48714711918
2328,13679418689,Courtney Perez,Podlasie,North Sara,00754,2071 Kenneth Trail,+48714644526
2329,76413247759,Nicholas Jones,Pemrania,Joshuaberg,40780,208 Audrey Trail,+48728851849
2330,78677683557,Laura Williams,Podlasie,Hartburgh,51047,9717 Davis Ports,+48946952636
2331,78728863565,Virginia Perry,Pemrania,North Christine,79889,66418 Taylor Ranch,+48719427256
2332,22398392225,Alexander Porter,Pomerelia,Port Anthony,86914,71804 Burton Shoal Suite 460,+48659628453
2333,41819421693,Jeremy Garcia,Silesia,New Markton,82630,369 Dawson Court,+48923442297
2334,15288484811,Jeffrey Lopez,Pomerelia,West Bryanchester,38278,7111 Maria Rest Suite 623,+48495821236
2335,23284216734,Brian Thompson,Silesia,Henryland,49618,915 Allison Summit Suite 191,+48259749627
2336,65889336375,Carol White,Masovia,Reevesbury,51741,204 Joshua Plaza,+48469939836
2337,85975362668,Maria Franco,Kuyavia,East Saraville,32874,78295 Sabrina Station,+48436738712
2338,87132551851,Jacob Young,Silesia,Shortfort,86144,27909 Adam Cliffs Apt. 544,+48629396628
2339,25787558631,Dylan Carey,Pemrania,Rossmouth,35064,35289 Ashley Parks,+48849144669
2340,27299623596,Angela Cortez,Silesia,Alishaberg,73646,407 Edwards Run Apt. 011,+48838614696
2341,88888488796,Janet Gomez,Masovia,Arthurchester,65715,610 Christopher Turnpike,+48358897172
2342,44561911448,Benjamin Dixon,Silesia,Grantburgh,36265,671 Jackson Walk Suite 654,+48847198795
2343,33687694848,Jason Thompson,Pomerelia,North Kathryn,06759,2332 Jacobs Mills Apt. 850,+48899811219
2344,94875751792,Jared Brown,Masovia,Avilahaven,57941,7637 Christine Knolls,+48266152369
2345,16829183374,Chad Beltran,Masovia,Castanedamouth,17990,7198 Williams Underpass Apt. 588,+48189327485
2346,25423718189,Patricia Cruz,Masovia,Port Matthew,48368,17714 Cortez Ville,+48432438427
2347,92938352823,Joshua Evans,Podlasie,Lake Yeseniamouth,65819,8132 Jones Corners,+48226663428
2348,69968329991,Cindy Baker,Pomerelia,Ericbury,92098,82713 Matthew Roads,+48984655781
2349,44415912587,Julian Brooks,Silesia,Port Lisa,19027,61871 Webb Mission Apt. 268,+48324877393
2350,69897945288,Shawn Lopez,Pemrania,Jonesside,27583,972 Anna Divide Suite 956,+48166592961
2351,85445486893,Kelly Ryan,Pemrania,Romeroside,24989,90516 Morgan Shoals,+48277573611
2352,25873878194,Danielle Garcia,Podlasie,Cortezfurt,19859,3663 Christine Courts Apt. 457,+48453397638
2353,99921461187,John Garcia,Podlasie,Lake Emilymouth,61366,3102 Jonathan Brook Apt. 115,+48826952519
2354,75225174329,Brandon Ford,Kuyavia,Port Kevinside,36228,718 Heidi Drive Suite 145,+48191358587
2355,63467191369,Matthew Salinas,Pemrania,Port Luke,02635,28979 Riggs Rue,+48584787219
2356,75282119561,Christina Bruce,Silesia,North Scott,23400,494 Rivera Turnpike Apt. 669,+48925923284
2357,57251284623,Suzanne Perkins,Silesia,Bakerville,37016,962 Allen Stravenue Apt. 182,+48896442388
2358,94194852776,Caitlin Jones,Masovia,Port Vanessa,44356,53021 Jones Drive Apt. 649,+48972451912
2359,41573339268,Darlene Murray,Pemrania,East Jeremytown,45214,34211 Williams Alley Suite 004,+48711399859
2360,83767211458,Kathryn Merritt,Masovia,Davisburgh,95884,03633 Todd Gateway,+48855216429
2361,19911473199,Donna Allen,Kuyavia,East Megan,66931,370 Natalie Vista,+48332834785
2362,24225949367,Joseph Colon,Podlasie,Joshuaburgh,73399,3149 James Well,+48165341272
2363,79153753991,Robert Howard,Pomerelia,Lake Rubenside,78480,9718 Rebecca Plains Apt. 318,+48218355146
2364,72286128427,Stephanie Roberts,Kuyavia,Petersonbury,70120,7620 Martin Valley Suite 173,+48895551692
2365,38188212523,Jason Smith,Pemrania,North Mary,35980,5504 Taylor Road Suite 684,+48856385335
2366,67413983369,Antonio Holmes,Silesia,Amystad,82126,3291 Moore Flats Suite 249,+48347618919
2367,79395453661,Sydney Smith,Podlasie,Sydneyberg,13828,8959 Valentine Roads Apt. 268,+48941545712
2368,24149935363,Angel Smith,Kuyavia,West Nicholasborough,18422,811 Alicia Locks Suite 001,+48699431824
2369,68133973998,Jaclyn Turner,Pemrania,Adamsfort,81902,3758 Dixon Plain,+48576274513
2370,47958834737,Bryan Williams,Masovia,New Danielle,17711,563 Angela Locks Apt. 217,+48627899977
2371,17755655791,Joshua Mccarty,Pomerelia,Elliotthaven,91806,6596 Mitchell Crest,+48428999265
2372,79238178156,Laura Howell,Pomerelia,East Christopher,88419,859 Whitehead Knoll,+48948799855
2373,54457475493,Antonio Marquez,Pemrania,South Christopher,68826,7638 Gonzales Row,+48778372215
2374,74848112449,Timothy Hendrix,Pemrania,West Tammy,45099,78514 Lisa Locks Suite 410,+48249536981
2375,27963377569,Shannon Vaughn,Podlasie,East Brian,24660,4226 Courtney Extension,+48936896375
2376,26645337965,Melissa Bailey,Silesia,Sandovalview,28777,6014 Jamie Glens Apt. 224,+48433564826
2377,42114681853,Ann Parker,Masovia,South Melissa,11952,175 Mary Lodge,+48812477698
2378,96781734922,Taylor Peck,Podlasie,Christopherville,09583,9600 Gregory Alley,+48438144393
2379,73632289231,Scott Walters,Podlasie,Johnsonburgh,05428,34742 William Forge Apt. 680,+48595383153
2380,91786264774,Teresa Adams,Pomerelia,North Amymouth,12636,914 Mills Lodge,+48624561635
2381,23291861359,Matthew Noble,Podlasie,West Sonya,69370,49542 Sanchez Row Apt. 290,+48362581823
2382,32489926518,Samantha Wright,Silesia,Stevensfort,01019,803 Watkins Ports,+48917134663
2383,44785736722,Elizabeth Henderson,Pomerelia,Mauricemouth,49102,426 Mitchell Plain Suite 089,+48579781654
2384,12347848111,Samantha Mcgrath,Kuyavia,East Jillianport,04654,5052 Frank Light Suite 659,+48699953956
2385,98239718489,Dana Delgado,Masovia,Jillhaven,96731,8037 Bennett Groves,+48945482616
2386,17898816241,Leah Curry,Pemrania,Jorgeport,29816,655 Ryan Flats Apt. 970,+48933485472
2387,62912341337,Nathan Moss,Podlasie,West Markchester,63811,0226 Brittany Meadow,+48879573433
2388,57173755265,Kevin Cardenas,Pemrania,Cooperton,32170,5130 Amanda Mountain Suite 064,+48257626442
2389,32818813245,Grant Lyons,Podlasie,Arthurfort,44184,8501 Anderson Springs,+48718748736
2390,46425947155,Stephen Stevens,Kuyavia,Jacksonport,37802,3478 Michele Land Suite 518,+48182786962
2391,33673271899,Tim Schmitt,Pemrania,Wilkinsonstad,42858,6238 Barbara Mountain Apt. 323,+48826243251
2392,35495318379,Brandon Bates,Masovia,Longmouth,35678,49320 Jane Street Suite 159,+48184468278
2393,65285854485,Jason Taylor,Kuyavia,Garciaburgh,79904,1729 Andrea Forest,+48233557733
2394,13684752368,Danny Cummings,Podlasie,Francistown,50775,2399 Angela Locks Suite 409,+48622245269
2395,24528838952,Tammy Soto,Podlasie,North Philip,32410,7085 Smith Valleys,+48555256999
2396,69996823691,Tiffany Mullen,Silesia,South Timothyland,02661,92258 Laurie Prairie,+48888434149
2397,16689735142,Eric Holt,Kuyavia,East Steven,09971,54009 Robbins Route Apt. 773,+48455367485
2398,11427953678,Grace Cameron,Podlasie,New Teresaview,90857,11009 Kristin Loaf,+48572474321
2399,22869987717,Mr. Johnathan Boyd,Kuyavia,South Sarahburgh,18722,549 Jack Circles,+48699792644
2400,63429625939,Robert Arnold,Podlasie,East Victoriaborough,11052,806 Crawford Lights Suite 528,+48619143912
2401,27929776378,Beth Hamilton,Pomerelia,Joeport,04332,95506 Smith Ranch Suite 224,+48649466999
2402,56559734722,Eric Olsen,Masovia,Tinastad,78921,333 Rosario Ville,+48121143128
2403,91438994298,Hannah Robinson,Podlasie,Lake Andrewhaven,44645,5103 Brown Lodge,+48585733179
2404,89886858281,Alexis Robinson,Podlasie,Christinestad,19815,695 Fitzgerald Manor Suite 981,+48974231688
2405,32942695474,Shawn Thomas,Masovia,Alishaland,95508,829 Angela Bridge Suite 220,+48161691867
2406,13567529269,Susan Hernandez,Masovia,Ryanville,47811,635 Nguyen Coves Suite 470,+48239814624
2407,31617961265,Andrew Davis,Pomerelia,Jayside,62164,17828 Myers Light Apt. 151,+48915753795
2408,89218328197,Joseph Black,Silesia,Stevenport,20474,11138 Jill Junctions,+48972948439
2409,15249217783,Ivan Ponce,Kuyavia,Batestown,75369,0763 Shannon Neck,+48176768753
2410,67243777511,Donald Sanchez,Pomerelia,North Alexville,40758,9442 Beard Causeway,+48422558896
2411,92324972867,Olivia Alvarado,Silesia,West Melissa,22108,0415 Nancy Highway,+48174175182
2412,23897212886,Patrick Lopez,Podlasie,Sherryfort,72075,7496 Parker Shoals Apt. 663,+48672729391
2413,27664199487,Vanessa Chavez,Kuyavia,Garzaport,28680,663 Cristina Locks,+48115923368
2414,21364387928,Sandra Blackburn,Pomerelia,South Nicholefort,49357,079 Christopher Circles,+48376855886
2415,65925264395,Bill Gallagher,Pomerelia,Ricechester,31769,232 Erika Ville,+48623455277
2416,25483834288,Derrick Massey,Silesia,East Shawn,16611,63723 Campbell Ridges,+48996113937
2417,73513581321,Heather Allen,Kuyavia,Taylorchester,77147,1273 Fernandez Ports Suite 801,+48581845321
2418,27119147368,Julie King,Silesia,Munozchester,92200,7927 Hopkins Corners Suite 445,+48277976811
2419,69145648635,Jesus Fowler,Kuyavia,East Davidview,33804,03030 Joseph Rapids Apt. 095,+48722526161
2420,86297643382,Dean Brown,Kuyavia,Port Tonyfort,93441,4963 Mariah Rapid Suite 749,+48267666954
2421,92524616897,Jeremy Lucas,Silesia,Navarrotown,11109,0375 Mcintosh Village,+48357787412
2422,78318769585,Jessica Simmons,Kuyavia,Gregoryberg,49177,296 Nathaniel Lodge,+48195762591
2423,98183417877,Benjamin King,Podlasie,Glennshire,77224,5882 Boone Burgs,+48626168375
2424,28681988681,Diana Schmidt,Silesia,Orrport,88715,27620 Ana Ville,+48487656641
2425,16265853814,Gina Lee,Pemrania,Kimberlyland,89010,6733 Schultz Parks,+48137256566
2426,51981358862,Mrs. Ashley Leonard,Masovia,West Ronald,25126,616 Pitts Centers,+48992764494
2427,26421171155,Linda Walker,Pomerelia,Jacksonside,01314,7107 Humphrey Harbor Suite 199,+48361324494
2428,12667238423,Karen Martin,Kuyavia,Adamtown,42428,780 Kelly Ferry Suite 663,+48574565313
2429,16274761481,Scott Jones,Podlasie,Port Wyatt,42253,489 Carolyn Shores,+48999353351
2430,91172671516,Brandon Moore,Podlasie,Cabreramouth,49490,87543 Lisa Coves Suite 587,+48431336331
2431,14233537853,Karen Ingram,Pemrania,Josephstad,52982,8392 Walton Bypass Apt. 787,+48293767962
2432,49239213921,Adam Short,Pomerelia,Lake Kayla,05773,7833 Jonathan Throughway Apt. 976,+48965868158
2433,58791766164,William Church,Silesia,Coreyshire,13701,849 Derrick Lodge Suite 909,+48833286865
2434,62685341534,Ellen Johnson,Pemrania,West Jefferyberg,31460,3103 Anderson Mission Suite 407,+48525192996
2435,23938493657,Jose Durham,Pomerelia,North Cameron,46255,6828 Paul Alley,+48262286495
2436,42119415736,David Lindsey,Podlasie,New Nicholasshire,01561,38909 Lucas Alley,+48862398819
2437,43131123517,Brian Payne,Podlasie,Cookbury,19310,68397 Parsons Shores Apt. 065,+48671118342
2438,97549493256,Lisa Brown,Masovia,Danielville,61777,81999 Miller Row Apt. 434,+48595745214
2439,53388463615,Angela Livingston,Silesia,Bridgetland,06698,6628 Eileen Pass Suite 284,+48458613899
2440,63432494414,Kathryn Bailey,Masovia,East Samanthaport,01702,6590 Parker Pine,+48937229171
2441,82318441688,Lisa Gonzales,Masovia,New Melissa,44255,3304 Pratt Junction,+48316949543
2442,38494311782,Eric Walker,Kuyavia,South Jerry,37496,670 Nguyen Viaduct Apt. 164,+48427731872
2443,61243559736,Kenneth Mcintyre,Pomerelia,Lake Sara,97558,78168 Julie Place Suite 058,+48354727316
2444,86454759239,Angel Rodriguez,Kuyavia,New Crystalport,80925,97606 Justin Mission Apt. 854,+48398187121
2445,13434553672,Todd Grant,Pomerelia,East Edward,06235,64892 Jeffrey Groves,+48881731215
2446,67956565536,Alexander Aguilar,Pemrania,North Jamesberg,07393,507 Susan Point Suite 777,+48973278677
2447,87284269517,Darren Campos,Pomerelia,Lake Heather,37195,07589 John River,+48755669943
2448,29489456198,Elizabeth Thompson,Masovia,Smithbury,43898,539 Anderson Motorway,+48793588934
2449,25274561955,Gerald Jensen,Kuyavia,East Jasmine,01582,28913 Francis Stravenue,+48537738217
2450,26758375276,Sarah Lee,Podlasie,South Alex,90567,2157 Heather Forest Suite 774,+48557372185
2451,87325825553,Travis Sharp,Pemrania,Atkinsshire,71572,786 Frazier Manor Apt. 920,+48658428172
2452,38685297134,Michael Diaz,Podlasie,Jessicaberg,69556,7200 Cook Island,+48792516692
2453,55855845332,Karen Alexander,Silesia,Lake Ryan,94844,98567 Brewer Mountain Suite 713,+48931224939
2454,43623346215,Edward Campbell,Pomerelia,Port Donnabury,09060,27149 Christopher Lodge,+48574896332
2455,22868451332,Gregory Williams,Podlasie,Port Gina,84570,32421 Gates Road,+48655886932
2456,93556999856,Christina Patel,Silesia,Lake Jessicachester,84554,515 Gary Manor Suite 757,+48689165672
2457,64552761286,Jacob Weiss,Silesia,Gregoryview,39410,44023 Todd Isle,+48733117452
2458,93593588687,Samantha Snyder,Masovia,New Lisa,99190,0596 Wendy Mission Suite 078,+48546815679
2459,38452424239,Stephanie Hoffman,Masovia,Laurenmouth,66313,30140 David Lakes Suite 741,+48951285858
2460,56115283629,Victoria Patrick,Silesia,Millerton,21042,250 Mindy Trace Apt. 649,+48182818288
2461,15169554931,Cameron Barber,Kuyavia,Maldonadofurt,58741,64717 Jonathan Track,+48539415555
2462,14796854478,Megan Lewis,Silesia,South Danafurt,52882,25041 Simmons Forest Suite 977,+48167965437
2463,63846256491,Steven Ortiz,Kuyavia,New Lisastad,07269,40331 Estes Path Suite 673,+48666921327
2464,47727141637,Stephen Ortega,Pemrania,Stanleyview,97788,790 Baker Lakes Apt. 628,+48562991622
2465,27227217856,Diane Day,Silesia,Jasminstad,79139,432 Jones Land,+48286991155
2466,13259881956,Christopher Adams,Podlasie,Bettyfurt,69038,32560 Charles Lock Apt. 484,+48398323954
2467,51517395196,Ashley Flynn,Masovia,Johnsonshire,31186,9480 Steve Drive Suite 347,+48535397134
2468,61584665111,Lisa Rogers,Pomerelia,Thomaschester,43599,203 Ruiz Groves,+48362766818
2469,44311167766,Kevin Reyes,Podlasie,South Joseburgh,59222,1560 Caroline Roads,+48262654912
2470,83552286541,Karen Haley,Pemrania,Amandaland,49925,954 Torres Square Apt. 905,+48562664268
2471,98753264298,Christopher Hicks,Kuyavia,West Katherine,31134,60123 Trevino Freeway Apt. 119,+48236576676
2472,26129758126,Theresa Baker,Pomerelia,Lake Jenniferborough,12702,1102 Jennifer Expressway Suite 383,+48236652983
2473,49554414785,Christopher Francis,Pemrania,South Kylie,21474,60922 Larsen Trail,+48667379493
2474,92421826318,Karen Johnson,Podlasie,Williamsburgh,04576,69915 Johnson Way,+48573528471
2475,39263583163,Robert Lloyd,Masovia,Lake Christinashire,55772,530 Yates Ports,+48319777398
2476,99614361573,Nathaniel Williams,Masovia,Lake Emily,26258,81331 Lisa Pass,+48299398432
2477,67666231294,Carolyn Benjamin,Silesia,Marychester,89522,03980 Jade Vista,+48486582547
2478,41147821423,Jennifer Steele,Masovia,Vanessatown,86258,2795 Morrison Fields,+48317383548
2479,38328679391,Lindsey Moreno,Podlasie,Port Laurieborough,87162,844 Sarah Stravenue,+48963748712
2480,67218388114,Caitlin Brooks,Pomerelia,Wilsonburgh,80942,87495 Strickland Branch Apt. 455,+48748242241
2481,36333858957,Tiffany Carter,Pemrania,Lake Richard,36058,08908 Coleman Turnpike,+48662156217
2482,16738353221,Tonya Haas,Pomerelia,West Allenhaven,01432,808 Munoz Row Suite 245,+48428794789
2483,46719189455,Marissa Hall,Masovia,West Brian,01244,7112 Williams Streets Apt. 489,+48178488846
2484,13889869934,Robert Walls,Pomerelia,Port Joanside,60845,001 Stanley Village,+48976227727
2485,95629918425,Nicholas Sanchez,Pomerelia,New Amberville,28475,015 Huber Throughway Suite 410,+48749279362
2486,24596933743,Andrew Smith,Masovia,East Dylan,01453,7546 Jennifer Roads Suite 536,+48769282339
2487,12131642421,Dalton Griffin,Kuyavia,Hoffmanland,97228,1812 John Locks,+48226914155
2488,26117547597,Barbara Graham,Silesia,West Michael,95150,5030 Derek Oval,+48723411142
2489,77938186264,Thomas Johnson,Kuyavia,Annahaven,62482,141 Diaz Junctions Apt. 728,+48184235335
2490,52883632985,Sarah Randolph,Masovia,Camachoport,77489,26526 Jarvis Summit,+48453859812
2491,97293938213,Joseph Morales,Kuyavia,Port Stephaniebury,14848,47781 Lori Curve,+48593745295
2492,74899776457,Audrey Simmons,Pemrania,New Sean,56244,1859 House View,+48883157449
2493,21488757831,Katherine Williamson,Silesia,Rivasburgh,04987,4204 Tammy Brook,+48224784489
2494,86969712549,Mark Wilson,Pemrania,Lake Emilyfort,45897,535 Philip Key Apt. 396,+48484315793
2495,63588686768,Kimberly Jackson,Masovia,Lake Eric,02631,9101 Jacob Roads Suite 893,+48145337131
2496,49955748923,Catherine Kelly,Masovia,North Kelly,82701,867 Day Coves,+48649721471
2497,79991551597,Mrs. Laura Thornton,Podlasie,Carrillobury,08021,778 Wilson Shoal,+48282647281
2498,49414229861,Matthew Simmons,Silesia,West Courtney,19459,6239 Palmer Ford Suite 197,+48166675684
2499,72927234973,Jonathon Obrien,Pemrania,Morrowland,65619,78574 Cheryl Stream Apt. 159,+48845715291
